Country	Year	Rank	Total	C1: Security Apparatus	C2: Factionalized Elites	C3: Group Grievance	E1: Economy	E2: Economic Inequality	E3: Human Flight and Brain Drain	P1: State Legitimacy	P2: Public Services	P3: Human Rights	S1: Demographic Pressures	S2: Refugees and IDPs	X1: External Intervention	Change from Previous Year
Yemen	1/1/2020 0:00	1st	112.4386938	9.7	10	9.698870494	9.4	7.8	7	9.889823327	9.5	9.95	9.8	9.7	10	-1.06130618
Somalia	1/1/2020 0:00	2nd	110.8889593	9.81132849	10	8.6	9.1	9.367150546	8.9	8.888107356	9.1	9	9.981087161	9.1	9.041285773	-1.311040675
South Sudan	1/1/2020 0:00	3rd	110.7521904	9.4	9.7	9.1	9.5	9.2	6.8	9.944414608	9.5	9	9.450356502	9.7	9.457419272	-1.447809618
Syria	1/1/2020 0:00	4th	110.7496965	9.9	9.9	10	8.686367258	7.2	8.413343401	9.95	9.1	10	7.6	10	9.999985877	-0.850303464
Congo Democratic Republic	1/1/2020 0:00	5th	109.394621	8.5	9.8	9.7	8	8.619841998	6.9	9.660971454	9.464910679	9.548896824	9.8	10	9.4	-0.805379045
Central African Republic	1/1/2020 0:00	6th	107.4866047	8.3	9.682	8	8.4	9.934480932	6.8	8.879978928	9.990144813	9.2	8.8	10	9.5	-1.413395328
Chad	1/1/2020 0:00	7th	106.4338206	9.2	9.5	8.3	8.5	8.871489845	8.4	9.3	9.36233071	8.5	9.6	9.2	7.7	-2.066179445
Sudan	1/1/2020 0:00	8th	104.7658852	8.377030251	9.4	9.399114675	8.075022253	8	8	9.3	8.314717994	8.9	9.1	9.3	8.6	-3.134114827
Afghanistan	1/1/2020 0:00	9th	102.9011871	9.932962648	8.9	7.5	8.3	7.729525686	7.5	9.00657022	9.5	7.6	9	9.3	8.632128547	-2.098812899
Zimbabwe	1/1/2020 0:00	10th	99.22085681	8.5	10	6.4	8.6	7.6	7	9.1	8.679234263	8.3	9.3	8.5	7.241622542	-0.279143194
Burundi	1/1/2020 0:00	11th	97.87602965	8.3	7.9	7.6	8.5	7.349977493	5.9	9.126052153	7.9	9.1	9.2	8.5	8.5	-0.223970354
Cameroon	1/1/2020 0:00	11th	97.85508161	8.2	9.3	8.6	6.8	7.663807081	7.6	8.9	8.3	7.8	8.791274525	8.6	7.3	0.855081606
Haiti	1/1/2020 0:00	13th	97.679	6.9	9.579	5.6	8.5	9.1	8.1	9.1	9.3	6.9	8.2	7.1	9.3	-1.621
Nigeria	1/1/2020 0:00	14th	97.26751113	8.7	9.9	9.1	7.851499011	7.8	6.6	8.1	8.868951497	8.37971173	9.33981895	6.9	5.727529942	-1.33248887
Guinea	1/1/2020 0:00	15th	97.16761117	8.3	9.6	9.176612608	8.3	7	6.8	9.9	9.190998564	6.8	8.3	7.3	6.5	-2.232388829
Mali	1/1/2020 0:00	16th	96.04331296	9.5	5.7	8.4	7.288617624	7.016941833	8	7	8.8	7.737753507	8.6	8.4	9.6	1.443312964
Iraq	1/1/2020 0:00	17th	95.94116979	8.2	9.6	8.5	5.6	6.4	6.8	9.11957262	8.4	7.821597174	8.1	8.6	8.8	-3.158830207
Eritrea	1/1/2020 0:00	18th	95.84423073	6.485430947	8.1	8	7.4	8.596383074	8.8	9.440290517	7.5	8.656223296	8.165902895	7.7	7	-0.555769272
Niger	1/1/2020 0:00	19th	95.31488303	8.8	8.9	7.8	6.8	7.7	7.3	7	9.196186164	6.94257119	8.725612984	8.4	7.750512697	-0.985116965
Libya	1/1/2020 0:00	20th	95.19371849	9.5	9.7	7.8	8	5.3	5.7	9.793718492	6.9	9.4	5.3	8	9.8	3.093718492
Ethiopia	1/1/2020 0:00	21st	94.59577635	7.9	8.9	9	6.1	6.2	6.3	8.5	8.295776346	7.9	9.1	8.8	7.6	0.395776346
Myanmar	1/1/2020 0:00	22nd	94	8.8	8	9.8	5	7	6.8	8	8.4	9.4	6.3	9.1	7.4	-0.3
Guinea Bissau	1/1/2020 0:00	23rd	92.90207551	8	9.6	4.6	7.4	9.444563997	7.2	8.6	8.6	6.9	8.425046503	6.432465008	7.7	-2.497924491
Uganda	1/1/2020 0:00	24th	92.77036847	7.2	8.9	8	6	6.750276399	7	8.3	7.3	7.7	9.220092075	8.8	7.6	-2.529631526
Pakistan	1/1/2020 0:00	25th	92.07809303	8.2	9	9.1	7.078093033	5.6	6.5	7.6	7.7	7.1	7.9	7.8	8.5	-2.121906967
Congo Republic	1/1/2020 0:00	25th	92.06819973	7.274583094	6.7	8.1	7.813483847	8.391421784	7.1	9.082993078	8.6	8.1	8.005717926	6.7	6.2	-0.43180027
Mozambique	1/1/2020 0:00	27th	91.69371296	6.849035223	7.1	5.3	8.302586288	9.492917357	7.4	7.3	9.373286883	5.3	9.8	7.6	7.87588721	3.093712962
Venezuela	1/1/2020 0:00	28th	91.15759123	7.244252688	9.152	7.3	8.7	6.6	6.350284251	9.311054291	8.4	9	6.5	6.6	6	1.85759123
Kenya	1/1/2020 0:00	29th	90.31586993	7.660346567	8.6	8.3	6.529169236	7.326354122	6.9	7.9	7.7	6.5	8.3	7.4	7.2	-3.284130074
North Korea	1/1/2020 0:00	30th	90.21129785	8.3	8.5	5.5	8.6	7.2	4.1	9.911297845	8.3	9.4	6.8	4.1	9.5	-2.488702155
Liberia	1/1/2020 0:00	31st	90.04390059	6.914197978	8.3	4.9	8.254325069	7.5	7.2	7.1	9	6.2	8.475377545	7.8	8.4	-0.156099408
Cote d'Ivoire	1/1/2020 0:00	32nd	89.72267369	7.1	9.1	7.6	6.4	7.5	6.7	7	8.073522219	7	8.249151473	6.9	8.1	-2.277326309
Mauritania	1/1/2020 0:00	33rd	88.7424686	6.6	8.8	7.3	6.8	5.9	6.6	8	8.390647078	7.2	8.451821518	7.6	7.1	-1.257531404
Angola	1/1/2020 0:00	34th	87.32003903	7.082236505	7.2	7.8	6.9	9	6.3	8.049776007	8.708896953	6.4	8.818717207	6.2	4.860412354	-0.479960973
Rwanda	1/1/2020 0:00	35th	86.0295223	6.055203795	8	9.899951586	5.908512802	7.789591792	6.8	6.861576397	6.5	6.3	7.514685929	7.8	6.6	-1.470477699
Egypt	1/1/2020 0:00	35th	86.00613825	7.9	9.1	8.6	7.6	5.4	5.281330357	8.6	4.230977023	9.7	6.19383087	6.4	7	-2.29386175
Burkina Faso	1/1/2020 0:00	37th	85.92852306	8.7	7.8	4.4	6.728523061	7.3	7.1	6.2	8.4	5.7	8.6	7	8	2.128523061
Togo	1/1/2020 0:00	38th	85.84143116	6.7	7.6	5.7	6.7	8.445842885	7.2	8.5	8.2	6.9	7.530351146	6.6	5.765237133	-1.558568836
Bangladesh	1/1/2020 0:00	39th	85.7	7.3	9.3	8.3	5.8	6	7.3	7.3	7.2	7	7.1	7.6	5.5	-2
Lebanon	1/1/2020 0:00	40th	84.72043334	7.8	9.6	8.220433339	7	4.9	5.9	7.4	4.8	6.9	4.7	8.7	8.8	-0.179566661
Zambia	1/1/2020 0:00	41st	84.47412891	4.8	5.9	5	7.802659241	9.421156955	7	7.8	7.72149025	7.1	9.428822466	5.8	6.7	-1.125871088
Sierra Leone	1/1/2020 0:00	42nd	84.35580251	4.1	7.8	5.9	8.3	8	7.7	6	8.5	5.155802513	8.8	7.1	7	-2.444197487
Malawi	1/1/2020 0:00	43rd	84.01636088	5.1	8.1	5	7.7	8.141922638	7.1	6.6	7.874438245	5.6	9.4	5.7	7.7	0.616360883
Iran	1/1/2020 0:00	44th	83.38660865	7.2	9.6	9.597422495	7.2	5	5.6	9.2	3.689186157	9.2	4.5	5.6	7	0.386608652
Equatorial Guinea	1/1/2020 0:00	45th	83.01620386	6.2	8.2	6.6	5.731406805	8.049823071	4.6	9.834973979	8.4	8.3	8.2	4.8	4.1	0.416203855
Swaziland	1/1/2020 0:00	45th	83	5.4	6.8	2.5	9.5	7.9	6.7	8.609707709	7.2	8.5	8.6	4.3	7	-2.3
Djibouti	1/1/2020 0:00	47th	82.72548312	5.6	7.3	5.6	6.703470298	7.4	4.9	8.122012824	7.3	7.4	7.5	7	7.9	-2.374516878
Timor-Leste	1/1/2020 0:00	47th	82.66311378	6.463113775	8.3	5.6	7.2	6.5	7.3	5.8	7.6	4.4	8.9	5.7	8.9	-2.836886225
Nepal	1/1/2020 0:00	49th	82.56660215	5.6	8.8	9.748870494	5.3	5.8	6.117731653	6.3	6.3	6.8	8.1	7.5	6.2	-2.133397854
Papua New Guinea	1/1/2020 0:00	50th	82.29729048	7	7.1	5.4	6.695407592	9.1	6.8	6.031467132	9.18366141	6.886754349	7.6	4.6	5.9	-0.702709516
Gambia	1/1/2020 0:00	51st	82.21463957	6	7.7	2.9	8.1	6	7.6	7.5	7.215577531	8.1	8.401335361	6.3	6.397726676	-1.685360432
Sri Lanka	1/1/2020 0:00	52nd	81.8	7.1	9.1	9.1	5.2	6.2	7	6.6	4.2	8.1	5.7	7.5	6	-2.1
Comoros	1/1/2020 0:00	53rd	81.24901233	6.5	8	4.5	7.3	7.008748076	6.5	7.4	7.457856928	5.782407322	7.9	5.8	7.1	-0.350987674
Philippines	1/1/2020 0:00	54th	81	9.2	8	7.6	4.6	4.8	5.7	7.3	5.8	7.5	7.6	6.6	6.3	-2.1
Cambodia	1/1/2020 0:00	55th	80.3083811	6.7	8.6	6	5	5.9	6.9	8.4	7.708381104	7.3	5.9	4.8	7.1	-2.291618896
Solomon Islands	1/1/2020 0:00	56th	79.74524648	5.9	8.2	5.6	6.8	8.1	6.6	5.9	7.745246481	4.3	7.4	4.1	9.1	-2.154753519
Madagascar	1/1/2020 0:00	57th	79.5302988	6.6	7.8	3.2	7	8.880230905	6.4	6.241422871	8.3	5.804759329	9.203885697	4.2	5.9	-1.469701198
Guatemala	1/1/2020 0:00	58th	79.17634844	7.085676341	7.1	9.4	4.8	7.2	7.2	6.4	6.690672097	7	6.9	5.1	4.3	-2.123651562
Turkey	1/1/2020 0:00	59th	79.147394	7.466498354	8.8	9.95958672	4.61382376	5	4.4	7.522168277	4.389689464	8.295627429	4.6	8.7	5.4	-1.152605996
Lesotho	1/1/2020 0:00	60th	78.2901154	6.680287113	7.3	3	8.44091581	8.282136433	7.827497445	5	7.2	5.059278596	8	4.6	6.9	-1.309884602
Tanzania	1/1/2020 0:00	61st	78.14413662	5.475616044	5.7	4.7	5.916975921	6.8	7.3	6.4	8.5	6.1	8.55154466	5.8	6.9	-1.955863375
Nicaragua	1/1/2020 0:00	62nd	77.07751153	6.1	7.1	5.6	5.550137528	7.3	7.6	8.4	5.927374005	7.6	4.8	4	7.1	-1.022488467
Laos	1/1/2020 0:00	63rd	76.86018745	4.7	8.3	6.912499602	5.1	5.6	7.1	9.047687848	6.1	7	6.4	5.4	5.2	-1.83981255
Honduras	1/1/2020 0:00	64th	76.788977	7.165667	7	5	5.8	6.8	6.423215359	7	6.518146538	6.8819481	5.6	5.4	7.2	-1.111023004
Colombia	1/1/2020 0:00	65th	76.61419216	7.231934368	7.6	7.153130169	4.827573269	6.5	5.3	5.8	5.6	6.501554349	6.5	7.9	5.7	0.914192156
Tajikistan	1/1/2020 0:00	66th	75.50515392	6.031020278	8.4	6.5	6.4	4.2	5.7	9.01829616	4.949441963	8.32422612	7	3.8	5.182169395	-2.194846083
Jordan	1/1/2020 0:00	67th	75.42853053	5.506529946	6.9	8.9	6.5	4.9	4.8	6.062216892	3.816760174	7.1	5.6	8.5	6.843023517	-0.471469471
India	1/1/2020 0:00	68th	75.30743258	6.907432584	7.3	8.5	5.6	6.1	5.8	4	6.5	7.6	7.8	4.4	4.8	1.007432584
Israel and West Bank	1/1/2020 0:00	69th	75.12397172	6	8.424	9.999971724	3.9	5.9	4.7	5.9	3.9	6.6	5.1	7.5	7.2	-1.476028276
Bolivia	1/1/2020 0:00	70th	74.96686956	6.2	9	5.9	5.117912952	8.3	6.5	7.5	5.9	6.2	6.1	3.3	4.948956607	2.066869559
Algeria	1/1/2020 0:00	71st	74.5751829	6.317766828	7.81	7.472406892	6.2	5.7	5.8	8.270365823	5.1	6.3	4.504643357	7.1	4	-0.624817099
Senegal	1/1/2020 0:00	71st	74.56464775	5.382238108	7	5.5	6.906552729	6.979252506	7.4	3.8	7.196604411	5.1	7.1	6.4	5.8	-2.735352246
Kyrgyz Republic	1/1/2020 0:00	73rd	73.92936357	6.520563902	8	8.4	6.1	5	6.7	6.8	4.308799669	6.6	5	4.4	6.1	-2.270636429
Uzbekistan	1/1/2020 0:00	74th	73.10388718	6.5	8.8	6.3	5.5	5.9	5.2	9.44051166	4.1	7.6	4.8	4.7	4.26337552	-2.59611282
Brazil	1/1/2020 0:00	75th	72.99411373	7.1	6.2	7.3	5.241637183	7.1	4.2	6.7	6.9	7	7.8	3.6	3.852476543	1.194113726
Russia	1/1/2020 0:00	76th	72.5585832	8	8.1	8.3	4.9	5.3	3.458583196	8.3	3.3	8.8	4.1	4.9	5.1	-2.141416804
Benin	1/1/2020 0:00	77th	72.54479809	5.6	6.7	2.9	6.475503201	8.152087133	6.8	4.9	8.208577938	4.617876544	7.612771949	4.8	5.77798132	-1.055201915
Azerbaijan	1/1/2020 0:00	78th	71.28215921	5.938549972	7.9	5.6	4.352511676	5.2	4.29109756	9.1	4.5	8	3.7	6.8	5.9	-1.917840792
Micronesia	1/1/2020 0:00	79th	71.23563008	4	5.6	3.7	7.9	7.4	9.3	4.6	5.640305682	3.545324397	6	3.6	9.95	-1.764369921
Morocco	1/1/2020 0:00	80th	71.22105198	5.21430717	6.6	8.8	5.171686701	5.1	7.6	6.830895472	4.604162635	5.9	4.3	5.6	5.5	-1.678948021
Georgia	1/1/2020 0:00	80th	71.15229518	5.9	9.1	7.6	5.3	4.6	5.2	8.5	3.4	5.1	2.952295184	6.6	6.9	-0.847704816
Thailand	1/1/2020 0:00	82nd	70.81357975	8.1	9.682	7.6	3.3	4.6	4.4	7.60786789	3.523711855	7.8	5.9	5.4	2.9	-2.286420255
Sao Tome and Principe	1/1/2020 0:00	83rd	70.28190046	5	6.3	4.2	7.9	5.703499676	8.2	4.7	5.6	2.95662849	6.393653789	5.1	8.22811851	-0.818099535
Bosnia and Herzegovina	1/1/2020 0:00	84th	70.22040622	5.313132802	8.7	6.9	5.9	4.4	6.2	6.498533087	3.308740334	5.1	3.1	6.9	7.9	-1.079593777
South Africa	1/1/2020 0:00	85th	70.10724307	6.719999693	6.6	6.2	7.507130193	6.8	5.2	6.2	6.4	3.9	6.572575414	4.5	3.50753777	-0.992756929
China	1/1/2020 0:00	86th	69.8587879	5.799054614	7.2	7.4	3.9	6.4	4.3	8.759733286	4.8	9.3	5.6	4	2.4	-1.2412121
Fiji	1/1/2020 0:00	86th	69.85212212	6.8	7.9	6	5.6	5.4	7.9	6	4.1	6	4.076567812	2.9	7.175554304	-1.847877884
Bhutan	1/1/2020 0:00	88th	69.50902263	3.6	7.5	8.8	5.00902263	5	6.6	3.4	5.2	5.7	5.2	6.1	7.4	-2.39097737
Ecuador	1/1/2020 0:00	89th	69.40303455	6.203034552	8.2	6.4	5.4	6.1	4.9	6	5.6	3.9	5.4	5.9	5.4	-1.696965448
Gabon	1/1/2020 0:00	90th	69.08700134	5.1	8.295	2.9	5.692868898	5.6	5.5	7.82653791	6	7.218923586	6.553670942	3.6	4.8	-1.312998665
Turkmenistan	1/1/2020 0:00	90th	69.05814194	5.4	7.8	5.7	5	6.1	4.8	9.707488741	4.7	8.6	4.850653195	3.2	3.2	-2.341858064
Ukraine	1/1/2020 0:00	92nd	69.00704176	6.977216186	8	5.8	6.2	3.3	5.503775927	7.1	4.026049644	6.3	3.3	4.4	8.1	-2.192958244
El Salvador	1/1/2020 0:00	93rd	68.89464371	7.118394096	4.3	5.8	5.134327979	5.5	8.469942704	4.071053886	5.700925047	5.4	6.7	5.3	5.4	-0.905356288
Saudi Arabia	1/1/2020 0:00	94th	68.8	6	8.5	8.7	3.9	4.7	3.6	8.1	2.9	8.9	4.4	4.1	5	-1.6
Tunisia	1/1/2020 0:00	95th	68.12591303	7.4	7.8	6.8	7.2	4.6	5.9	6.2	4.014628529	5.6	3.311284498	3.8	5.5	-2.074086974
Indonesia	1/1/2020 0:00	96th	67.84550475	6.074811132	7.1	7.4	4.2	4.9	6.6	4.2	5.070693619	6.7	6.8	4.5	4.3	-2.554495249
Peru	1/1/2020 0:00	97th	67.62810848	6.428108483	7.4	8.3	3.3	6.5	6.5	7.1	6.4	3.4	5.9	3.8	2.6	-0.571891517
Mexico	1/1/2020 0:00	98th	67.2	8.8	5.4	6.3	4.2	5	5	5.6	5.9	6	5.2	4.9	4.9	-2.4
Maldives	1/1/2020 0:00	99th	66.2	5.8	8.1	3.9	5	2.7	5.9	7.8	4.9	7.4	5.1	4	5.6	-3.5
Serbia	1/1/2020 0:00	100th	66.11626144	4.8	8	7.4	5.9	3.97279288	5.6	5.2	3.443468558	3.8	3.4	7.7	6.9	-1.883738562
Moldova	1/1/2020 0:00	101st	65.97954328	5.37389237	8.3	6.7	5.5	3.9	7	6	4.706070418	4.799580489	3.9	3.3	6.5	-1.220456723
Guyana	1/1/2020 0:00	101st	65.95105985	6.798281028	5.1	6.4	5.5	4.8	8.5	4.5	5.422140575	3.23063825	5.3	3.6	6.8	-2.248940147
Belarus	1/1/2020 0:00	103rd	65.7518601	5.451860101	8.3	6.2	4.9	4	3.7	8.5	3.3	7.4	4.6	2.7	6.7	-2.448139899
Paraguay	1/1/2020 0:00	104th	65.17819422	6.242424227	7.8	4.9	4.6	7	5.3	6.5	5.3	5.4	5	3	4.135769991	-1.921805782
Namibia	1/1/2020 0:00	105th	65.09591525	5.084458173	3.5	4.9	6.933347398	7.6	6.5	2.96902182	7.1	2.9	7.909087864	4.2	5.5	-1.404084745
Cape Verde	1/1/2020 0:00	106th	64.7781709	5.081616017	5.5	3.2	5.715177946	6	7.8	4.4	5.1	3.1	6.3	3.9	8.681376938	-1.8218291
Dominican Republic	1/1/2020 0:00	107th	64.35620205	6.42159378	6.2	4.9	4.6	5.006442403	6.528165867	6.3	6	5	6.2	2.7	4.5	-1.843797951
Armenia	1/1/2020 0:00	108th	64.2	5.2	7	5	6.2	3.6	6.5	6.6	3.3	6.3	2.379616724	6.1	6	-2.6
Ghana	1/1/2020 0:00	108th	64.15816913	4.9	4.9	3.5	5.4	5.970653456	7.5	3.3	6.9	4.7	6.787515676	4.3	6	-1.741830868
Bahrain	1/1/2020 0:00	110th	63.88791154	6.165129158	7.6	9.3	3.720265792	4.3	3.1	8.334304223	2.017870561	8.7	3.550341801	2	5.1	-0.012088465
Vietnam	1/1/2020 0:00	110th	63.88539721	4.210822323	6.9	5.5	4	3.9	5.6	8.323292196	3.8	7.651282694	5	4.4	4.6	-2.214602787
Samoa	1/1/2020 0:00	112th	63.29664856	4.1	5.1	4.2	6.038755758	4	9.75	4.6	4.241955628	3.615940035	5.2	2.6	9.849997138	-0.903351441
Macedonia	1/1/2020 0:00	113th	62.13086385	5	7.3	6.3	6.1	4.6	5.5	5.4	3.830863847	2.9	2.2	7.2	5.8	-2.469136153
Belize	1/1/2020 0:00	114th	60.79466738	7.097421042	4.3	4.4	6	4.5	6	4.3	5	5.442876265	4	2.8	6.954370075	-1.705332618
Suriname	1/1/2020 0:00	115th	60.12230683	4.3	5.8	6.1	6.7	5.6	5.9	4.1	4.7	4	4.8	2.8	5.322306831	-1.777693169
Jamaica	1/1/2020 0:00	116th	60.02494704	6.879428979	3.7	2.5	6.2	4.2	8.9	3.9	6.246995816	5.513424385	4.1	2.9	4.985097859	-1.175052961
Kazakhstan	1/1/2020 0:00	117th	59.77010136	4.3	7.6	8.219123517	5.3	3.3	3.9	8.450977839	3.1	6.4	3.6	2.3	3.3	-1.829898644
Cuba	1/1/2020 0:00	118th	59.22775698	4.3	7	3.1	4.3	4.5	5.233029848	7.2	3.794727135	6.4	5	3.1	5.3	-1.572243017
Albania	1/1/2020 0:00	119th	58.75381081	5.072585756	6.2	4.4	5.773246398	2.7	8.1	5.8	3.872737641	3.9	3.6	2.935241015	6.4	-0.14618919
Malaysia	1/1/2020 0:00	120th	57.56189553	5.661895525	6.8	5.7	2.8	4.2	4.8	6.6	3.3	7.1	4.4	3.3	2.9	-2.938104475
Botswana	1/1/2020 0:00	121st	57.07123297	3.655584307	3.3	4	5.5	6.9	5.2	2.4	6.8	4.879165163	7.6364835	3.6	3.2	-2.42876703
Brunei Darussalam	1/1/2020 0:00	122nd	56.60002752	4.5	7.4	6.2	3.330551365	7.5	4.1	7.4	1.569476153	7.2	2.8	1.3	3.3	-0.899972483
Cyprus	1/1/2020 0:00	123rd	56.05796495	3.8	7.9	5.4	5.1	5	3.8	3.9	2.305840922	2.852124031	2.9	5	8.1	-1.842035048
Montenegro	1/1/2020 0:00	124th	55.46679468	4.9	6.5	9	5	1.537053193	4.4	4.075656992	3.362947338	3.691137161	1.9	3.7	7.4	0.266794684
Grenada	1/1/2020 0:00	125th	55.24684546	5.090913971	5.6	3.6	5.3	4.6	7.755931492	4.6	3.3	2.4	3.9	2.3	6.8	-2.353154536
Seychelles	1/1/2020 0:00	126th	54.67549774	5.747338085	6	4.2	3.6	5.6	5.622563088	4.6	2.249410836	3.856185727	4.2	2.3	6.7	-0.524502264
Greece	1/1/2020 0:00	127th	52.14869722	4.24869722	4.1	4.5	5.2	2.6	3.6	5.8	3.5	3	3.4	5.8	6.4	-1.85130278
Antigua and Barbuda	1/1/2020 0:00	127th	52.06235185	5.7	3.7	3.6	4.8	4.2	6.162351854	4.5	3.4	4.2	4	2.6	5.2	-2.337648146
Trinidad and Tobago	1/1/2020 0:00	129th	51.94514107	6.588957496	5.6	3.3	4	4.7	7.5	3.6	3.533283204	3.522900371	3.6	2.6	3.4	-1.054858929
Mongolia	1/1/2020 0:00	129th	51.93521252	3.215392634	5.5	2.9	4.5	5.5	3.962447071	3.8	4.720149373	3.967776261	4.669447183	2.3	6.9	-2.164787478
Kuwait	1/1/2020 0:00	131st	50.89927418	3.3	7.5	3.8	2.4	3.9	3.3	7.264738902	1.81785665	7	4.1	2.61667863	3.9	-2.300725818
Bahamas	1/1/2020 0:00	132nd	49.86859356	5.2	4.5	3.2	3.9	4.2	4.06859356	2.7	4.3	4.3	6.8	2.7	4	1.06859356
Bulgaria	1/1/2020 0:00	133rd	49.17165482	4.6	5.3	4.516111626	4.9	3.5	4.5	3.6	3.5	2.95554319	3.2	4	4.6	-1.428345185
Oman	1/1/2020 0:00	134th	47.99116057	3.3	6.6	2	4.2	3.9	2.2	6.912237905	2.682714517	7.2	3.996208147	1.8	3.2	-1.908839431
Hungary	1/1/2020 0:00	135th	47.62085658	2.573814019	5.3	3.9	4.5	2.9	3.883504694	6.1	2.444640484	5	1.251599393	5.6	4.167297987	-1.979143423
Romania	1/1/2020 0:00	136th	46.65460149	2.401909753	5.7	5.9	4.1	3.3	4.909004324	5.3	3.269194136	3.274493281	2.3	2.3	3.9	-1.245398505
Barbados	1/1/2020 0:00	137th	46.40725754	4.653168549	4.2	3.2	5.4	4.3	5.6	1.6	2.490510099	3.363578886	4.3	1.6	5.7	-1.492742465
Croatia	1/1/2020 0:00	138th	46.09452118	2.930126047	4.4	4.9	5	2.4	5.2	2.245160106	2.635809129	2.9	2.6	6.1	4.783425901	-1.405478817
Argentina	1/1/2020 0:00	138th	46.08795043	5.2	2.8	4.1	5.4	4.9	2.940120025	3.9	3.347830409	3.6	3.3	2	4.6	0.087950434
Panama	1/1/2020 0:00	140th	45.98191489	5.5	2.2	5.578636094	2.737761821	6.3	4.3	2.864981886	4.427960243	3.5	3.8	2.5	2.272574844	-1.018085112
Qatar	1/1/2020 0:00	141st	43.73987835	1.7	5	3.7	1.2	4.6	1.8	6.354599815	1.385278534	6.1	2.9	1.7	7.3	-1.760121651
Chile	1/1/2020 0:00	142nd	42.51352691	4.1	2.2	3.1	3.559127813	5.4	3.548313716	5.7	3.5	3.9	4.4	1.9	1.206085382	3.613526912
Italy	1/1/2020 0:00	143rd	42.35313025	5.4	4.9	4.6	4.9	2.035889389	2.3	3.1	2.71724086	1.1	3.2	5	3.1	-1.446869751
Latvia	1/1/2020 0:00	144th	42.31122746	2.851488985	4.3	8.625858593	3.2	3.2	5.4	2.5	2.433879884	2.7	2	2.1	3	-1.588772539
Poland	1/1/2020 0:00	145th	41.02873392	2.7	4.2	5.9	3.5	2.1	4.624250441	4.2	2.004483477	3.9	2.1	2.7	3.1	-1.871266081
Spain	1/1/2020 0:00	146th	40.35163336	3.7	6.9	6.4	4.3	2.6	1.059195307	7.2	1.91502878	0.912719027	1.5	1.9	1.964690242	-0.248366644
Costa Rica	1/1/2020 0:00	147th	40.18401785	3.832739195	3.8	3.3	4.626506052	4.4	3.8	1.5	3.226130562	1.203256125	2.511413985	3.4	4.583971931	-1.81598215
Estonia	1/1/2020 0:00	148th	38.52345451	2.551964379	5.9	7.671490131	2.8	2.3	4.6	1.8	2	1.4	1.9	2.2	3.4	-2.17654549
United States	1/1/2020 0:00	149th	38.27275828	3.8	6.8	6.2	1.841120147	3.4	1.818508861	2.9	1.21312927	3.9	3	2.1	1.3	0.272758278
United Kingdom	1/1/2020 0:00	149th	38.26047536	3.8	5.8	6.4	4.4	3.7	2.499534021	2.9	1.606294582	1.8	1.620938037	1.733708721	2	1.660475361
Slovak Republic	1/1/2020 0:00	151st	38.2218146	1.532660509	5	6	3.7	2.6	4.026438093	4.1	2.136761425	2.425954576	1.4	2.9	2.4	-2.178185396
United Arab Emirates	1/1/2020 0:00	152nd	38.09922512	2.8	3.6	2.5	1.9	2.8	2.2	6.52493948	1.374285636	7.3	3.1	1.9	2.1	-2.000774884
Mauritius	1/1/2020 0:00	153rd	37.18472003	1.503947921	3.2	4.1	4.2	2.6	4.260897378	2.1	2.712808823	3.835585345	2.871480567	2	3.8	-1.715279967
Lithuania	1/1/2020 0:00	154th	36.47089084	3.1	3	3.597543913	3.6	3.9	4.9	1.8	2.67334693	2.4	1.9	1.9	3.7	-1.629109157
Czech Republic	1/1/2020 0:00	155th	35.74161611	2.9	5.3	4.9	3.7	1.8	3.266945401	4.4	1.742624864	2.090138976	0.941906869	2.9	1.8	-1.85838389
Malta	1/1/2020 0:00	156th	33.5936458	2.7	2	3	3.4	1.7	3.82420461	3.4	1.422766059	3.100837779	2.545837354	3.7	2.8	-1.006354198
Uruguay	1/1/2020 0:00	157th	33.40577735	4.503199739	2.7	2.118164953	3.730804852	3	3.868641648	0.484636778	2.757466697	2.654725837	2.9	2.2	2.48813685	-0.594222645
Japan	1/1/2020 0:00	158th	32.33228912	1.9	2.6	2.8	3.300527607	1.4	3.050676206	0.600972326	1.345104008	3.23500897	5.7	3.5	2.9	-2.067710883
South Korea	1/1/2020 0:00	159th	32.01527343	2.4	3.9	2.4	1.708075429	2.1	3.595061447	3.3	1.243075964	3.069060589	2	1.6	4.7	-1.68472657
France	1/1/2020 0:00	160th	30.48111107	3.8	1.9	6.7	3.4	3.1	2.165041634	1.2	1.295474063	1.320595373	1.9	2.5	1.2	-1.51888893
Belgium	1/1/2020 0:00	161st	27.09814467	2.9	4.4	4.4	3.9	1.8	2.3	1.1	1.477127979	0.7	1.517235666	2	0.603781029	-1.601855325
Singapore	1/1/2020 0:00	162nd	26.32619466	1	4	1.7	1.1	2.9	2.4	3.844749452	1	4.335344654	2.04610055	1	1	-1.773805344
Slovenia	1/1/2020 0:00	163rd	25.84648022	0.710572879	2	3.9	2.9	2.5	3.591275614	1.8	1.37754065	1.167091082	1.4	3.1	1.4	-2.153519776
Austria	1/1/2020 0:00	164th	24.10870308	1.9	3.2	4.2	1.3	2	1.570177494	0.8	1.338525588	0.6	1.9	4.7	0.6	-0.791296918
Portugal	1/1/2020 0:00	165th	23.51466331	0.7	2.5	1.6	4	1.670241987	2.5	0.819792044	1.9	0.9	1.8	1.92462928	3.2	-1.685336689
Germany	1/1/2020 0:00	166th	23.18848852	2.6	2.6	4.3	1.3	2.1	2.074392224	0.5	0.968940084	0.84515621	1.1	4.3	0.5	-1.511511481
Netherlands	1/1/2020 0:00	167th	22.85983519	2.4	3.4	3.9	1.824409571	1.3	2.450243373	0.7	0.784854471	0.888005066	1.612322707	2.9	0.7	-1.940164812
Ireland	1/1/2020 0:00	168th	19.93941688	3	1.5	0.7	2.5	1.314555059	3.1	0.450198862	1.441353922	1.828437727	1.725404386	1.1	1.279466925	-0.660583119
Australia	1/1/2020 0:00	169th	19.74640886	3	1.7	3.4	1.3	1.546408858	0.7	0.7	1.8	1.4	1.9	1.8	0.5	0.046408858
Luxembourg	1/1/2020 0:00	170th	18.84924041	1	3.4	2.4	1.5	1.135802279	1.617657652	0.5	1.4	1.245865109	1.349915367	2.8	0.5	-1.550759592
Canada	1/1/2020 0:00	171st	18.66889851	3.1	2.5	2.5	1.245088131	1.8	1.4	0.5	0.838235891	1.385574486	1	1.9	0.5	-1.431101492
Sweden	1/1/2020 0:00	172nd	18.20920195	3	1.8	1.4	1.506903863	1.2	0.840991536	0.5	0.861306551	0.6	1.3	4.6	0.6	-2.09079805
New Zealand	1/1/2020 0:00	173rd	17.87989629	1.5	1.4	2.9	2.9	1.6	2	0.5	0.879896291	0.5	1.4	1.7	0.6	-2.220103709
Iceland	1/1/2020 0:00	174th	17.8	1	1.8	0.7	2.8	1	2.2	0.7	0.7	0.7	1	1.7	3.5	-2
Denmark	1/1/2020 0:00	175th	17.21358668	1.6	1.4	4	1.3	0.9	1.6	0.6	0.91358668	1.4	1.3	1.7	0.5	-2.28641332
Switzerland	1/1/2020 0:00	176th	17.0940857	1.4	1	3	1.6	1.5	1.4	0.5	1.052499015	1.1	1.241586688	2.8	0.5	-1.605914297
Norway	1/1/2020 0:00	177th	16.19121049	1.8	1.1	3.6	1.691210487	0.7	1	0.5	1.1	0.6	0.9	2.5	0.7	-1.808789513
Finland	1/1/2020 0:00	178th	14.62666619	2.8	1.4	0.9	2.6	0.5	1.7	0.6	0.626666191	0.5	0.7	1.6	0.7	-2.273333809
Yemen	2021	1st	111.7	9.4	10	9.4	9.8	7.7	6.7	9.9	9.8	9.7	9.8	9.8	9.7	
Somalia	2021	2nd	110.9	9.3	10	8.3	9.2	9.5	8.8	9.2	9.8	8.7	10	9.2	8.9	
Syria	2021	3rd	110.7	9.6	9.9	9.7	9.6	7.1	8.2	10	9.6	9.7	7.6	9.7	10	
South Sudan	2021	4th	109.4	9.7	9.2	8.8	9.2	8.9	6.7	9.5	10	8.7	9.5	9.9	9.3	
Congo Democratic Republic	2021	5th	108.4	8.6	9.5	9.4	8.5	8.5	6.8	9.2	9.8	9.2	9.8	10	9.1	
Central African Republic	2021	6th	107	8	9.7	8.1	8.5	9.6	6.6	9	10	9.3	8.9	9.7	9.6	
Chad	2021	7th	105.8	8.9	9.5	8	8.6	8.7	7.9	9.4	9.8	8.2	9.6	9.3	7.9	
Sudan	2021	8th	105.2	8.1	9.1	9.5	9.1	8.3	7.7	8.8	8.8	8.6	9.1	9.4	8.7	
Afghanistan	2021	9th	102.1	10	8.6	7.2	9.2	8.1	7	8.7	9.8	7.4	9	8.8	8.3	
Zimbabwe	2021	10th	99.1	8.6	10	6.1	9.4	7.7	7.1	8.8	9	8	9.3	8.2	6.9	
Ethiopia	2021	11th	99	8.4	9.2	9.5	5.9	6.7	6.6	8.8	8.9	8.4	9.4	9.1	8.1	
Nigeria	2021	12th	98	8.8	9.6	8.8	8.6	7.7	6.5	8.4	9.3	8.7	9.3	6.6	5.7	
Haiti	2021	13th	97.5	6.6	9.6	5.3	8.9	9.2	8.1	8.8	9.6	7.1	8.2	7.1	9	
Guinea	2021	14th	97.4	8	9.9	9.3	8.2	7.3	6.5	10	9.5	6.9	8.6	7	6.2	
Cameroon	2021	15th	97.2	8.3	9.3	8.7	7	7.6	7.1	9	8.6	7.5	8.8	8.3	7	
Burundi	2021	16th	97.1	8	8.2	7.3	8.8	7.2	5.6	9.3	7.9	9.2	9.2	8.2	8.2	
Eritrea	2021	17th	97	6.2	8.4	8.3	7.7	8.3	8.6	9.6	8.3	8.9	8.2	7.4	7.1	
Libya	2021	17th	97	9.6	9.4	7.5	9.6	5.6	5.4	9.9	7.4	9.1	5.9	7.7	9.9	
Mali	2021	19th	96.6	9.6	6.2	8.1	7.5	7.2	7.9	7.5	9.1	7.4	8.7	8.1	9.3	
Iraq	2021	20th	96.2	7.9	9.6	8.2	6.9	6.1	6.5	8.8	8.9	8.1	8.4	8.3	8.5	
Niger	2021	21st	96	8.9	9.3	7.5	6.8	7.8	7	7.1	9.7	7.1	8.8	8.5	7.5	
Mozambique	2021	22nd	93.9	7.3	6.6	5.8	8.3	9.2	7.3	7	9.9	7.4	9.8	7.7	7.6	
Myanmar	2021	23rd	93.8	8.9	8.3	9.9	4.8	7.1	6.5	8.1	8.9	9.1	6.3	8.8	7.1	
Uganda	2021	24th	92.9	6.9	8.9	7.8	6.2	7	6.7	8.4	8	7.4	9.2	9.1	7.3	
Venezuela	2021	25th	92.6	7.3	9.3	7	9.8	6.7	6.5	9.5	8.9	9.1	6.5	6.3	5.7	
Congo Republic	2021	26th	92.4	7	6.7	8.4	9	8.1	6.8	9.1	8.9	7.8	8	6.5	6.1	
Guinea Bissau	2021	27th	92	7.7	9.6	4.3	7.6	9.3	6.9	8.9	9	6.6	8.6	6.1	7.4	
Cote d'Ivoire	2021	28th	90.7	7.2	9.6	7.3	6.6	7.7	6.4	7.7	8.4	7.1	8.3	6.6	7.8	
Pakistan	2021	29th	90.5	7.9	9	8.8	7.1	5.3	6.2	7.3	8	7.3	7.9	7.5	8.2	
North Korea	2021	30th	90	8	8.8	5.2	8.9	7.3	3.8	9.9	8.6	9.4	7.1	3.8	9.2	
Liberia	2021	31st	89.5	6.6	8.6	4.6	8.5	7.2	6.9	6.8	9.5	6.7	8.5	7.5	8.1	
Kenya	2021	32nd	89.2	7.4	8.6	8	6.4	7.4	6.6	7.6	8.2	6.3	8.3	7.5	6.9	
Mauritania	2021	33rd	89.1	6.3	8.8	7.3	7.1	6.4	6.5	7.9	8.7	6.9	8.5	7.9	6.8	
Lebanon	2021	34th	89	7.5	9.6	7.9	9	5.4	6.2	7.7	5.8	7	5.2	8.8	8.9	
Angola	2021	34th	89	7.2	7.2	8.1	8.4	8.9	6	8.2	9.3	6.2	9	5.9	4.6	
Burkina Faso	2021	36th	87.1	9	7.8	4.5	7	7.8	7	5.9	8.7	5.5	8.6	7.2	8.1	
Palestine	2021	37th	86	6	8.9	5	7	4.9	8.8	8.8	4.2	7.7	8.5	6.2	10	
Togo	2021	38th	85.1	6.4	7.6	6	7.2	8.3	6.9	8.2	8.5	6.7	7.5	6.3	5.5	
Bangladesh	2021	39th	85	7	9.3	8.6	5.5	5.7	7	7.4	7.7	7.2	7.1	7.3	5.2	
Egypt	2021	39th	85	7.6	9.1	8.3	7.3	5.1	5.2	8.6	4.7	9.8	6.5	6.1	6.7	
Rwanda	2021	39th	85	5.8	8	9.6	5.8	7.7	6.5	6.8	7.5	6	7.5	7.5	6.3	
Zambia	2021	42nd	84.9	4.5	5.9	5.3	8.8	9.3	6.9	7.5	8	7	9.4	5.5	6.8	
Iran	2021	43rd	84.5	6.9	9.6	9.3	7.6	4.9	5.3	9.2	4.7	9.5	5.5	5.3	6.7	
Equatorial Guinea	2021	44th	84.1	5.9	8.2	6.9	6.3	7.9	4.3	9.8	8.7	8.4	8.5	5	4.2	
Sierra Leone	2021	45th	83.4	3.8	7.8	5.6	8.5	7.9	7.4	5.7	8.8	5	8.8	7.4	6.7	
Malawi	2021	46th	83.2	4.8	8.4	4.7	7.7	8	6.8	7.1	8.2	5.3	9.4	5.4	7.4	
Eswatini	2021	47th	82.5	5.1	6.8	2.2	9.8	8	6.4	8.6	7.7	8.2	8.9	4.1	6.7	
Comoros	2021	47th	82.5	6.2	8	4.2	7.6	7.3	6.8	7.7	8.1	5.8	8	6	6.8	
Djibouti	2021	49th	82.4	5.3	7.3	5.3	6.8	7.3	4.6	8.4	7.4	7.2	7.5	7.1	8.2	
Philippines	2021	49th	82.4	9.3	8	7.3	5.3	5.2	5.4	7.4	6.8	7.8	7.6	6.3	6	
Nepal	2021	51st	82.2	5.3	8.8	9.4	5.3	5.8	6.2	6.4	7.3	6.5	8.1	7.2	5.9	
Timor-Leste	2021	52nd	80.9	6.2	8.3	5.3	7.7	6.2	7	5.5	7.6	4.2	8.9	5.4	8.6	
Papua New Guinea	2021	52nd	80.9	6.7	7.1	5.1	7	8.8	6.5	6	9.3	6.9	7.6	4.3	5.6	
Cambodia	2021	54th	80.6	6.4	8.3	6.1	5.2	6.2	6.6	8.7	8.2	7.7	5.9	4.5	6.8	
Sri Lanka	2021	55th	80.5	6.8	9.1	8.6	5.6	5.9	6.7	6.3	4.7	8.2	5.7	7.2	5.7	
Gambia	2021	55th	80.5	5.7	7.7	2.6	8.2	5.9	7.3	7.2	7.6	7.8	8.4	6	6.1	
Turkey	2021	57th	79.7	7.2	8.8	9.7	5.3	4.7	4.1	7.3	5.4	8	5.1	8.4	5.7	
Madagascar	2021	58th	79.5	6.3	7.8	3.3	7.3	9	6.1	6.3	8.7	5.8	9.2	4.1	5.6	
Honduras	2021	59th	79.4	7	7	5	6.4	6.9	6.7	7.1	7.6	7.2	6.1	5.5	6.9	
Guatemala	2021	59th	79.4	6.8	7.1	9.4	5	7.1	7.1	6.5	7.2	7.2	7.2	4.8	4	
Solomon Islands	2021	61st	79.3	5.6	8.2	5.3	7.2	8	6.3	5.6	7.9	4	7.4	4.4	9.4	
Colombia	2021	61st	79.3	6.9	7.6	7.5	6	6.4	5	5.5	6.6	6.8	8	7.6	5.4	
Tanzania	2021	61st	79.3	5.2	6.2	4.9	5.8	7	7	7.5	8.8	6.2	8.6	5.5	6.6	
Lesotho	2021	64th	77.9	6.4	7.3	2.7	8.8	8.2	7.5	4.7	7.5	5.1	8.4	4.3	7	
Nicaragua	2021	65th	77.1	5.8	7.1	5.9	6	7	7.7	8.6	6.4	7.3	4.8	3.7	6.8	
India	2021	66th	77	6.6	7.3	8.2	7	6.2	5.5	4.3	7.5	7.7	8.1	4.1	4.5	
Jordan	2021	67th	76.8	5.2	6.9	8.6	6.9	4.8	5.1	6.3	5	6.8	6.1	8.6	6.5	
Kyrgyzstan	2021	68th	76.4	6.2	8.3	8.1	7.1	4.9	6.7	8	5.3	6.3	5.5	4.1	5.9	
Laos	2021	69th	76	4.4	8.3	7.2	5.1	5.3	6.8	9	6.6	6.9	6.4	5.1	4.9	
Brazil	2021	70th	75.8	6.8	6.5	7.7	6.4	7	3.9	7	7.4	7.4	8.8	3.3	3.6	
Azerbaijan	2021	71st	75.1	6.4	7.9	6.1	4.7	5.1	4.3	9.1	5.5	7.7	4.2	6.9	7.2	
Tajikistan	2021	71st	75.1	5.7	8.4	6.7	6.3	4.3	5.6	9.2	4.9	8.5	7	3.6	4.9	
Bolivia	2021	73rd	74.9	5.9	8.5	5.6	5.9	8.2	6.2	7	6.9	5.9	7.1	3.1	4.6	
Algeria	2021	74th	73.6	6	7.5	7.2	6.8	5.6	5.5	7.8	5.6	6.3	4.8	6.8	3.7	
Russia	2021	74th	73.6	7.7	8.4	8	5.2	5.2	3.4	8.5	4.3	8.9	4.6	4.6	4.8	
Senegal	2021	76th	73.4	5.1	7	5.2	7.3	6.7	7.5	3.6	7.5	4.8	7.1	6.1	5.5	
Bosnia and Herzegovina	2021	77th	72.9	5	8.7	6.6	6.4	4.1	6.5	6.2	4.8	4.9	5.1	7	7.6	
Benin	2021	78th	72.8	5.3	6.7	2.6	6.7	8.2	6.5	5.1	8.5	4.9	7.7	5.1	5.5	
Georgia	2021	79th	72.6	5.6	9.1	7.3	5.7	4.4	5.5	8.2	4.4	4.8	4.5	6.3	6.8	
Uzbekistan	2021	80th	72	6.2	8.8	6	5.4	5.7	5.2	9.3	4.6	7.6	4.8	4.4	4	
Micronesia	2021	81st	71.7	3.7	5.6	3.7	8.5	7.1	9	4.3	6.7	3.5	6	3.6	10	
El Salvador	2021	82nd	71.6	6.6	4.8	5.5	6.1	5.4	8.4	4.4	6.8	5.5	7	5.5	5.6	
Sao Tome and Principe	2021	83rd	71.5	4.7	6.3	4.2	8.9	6.2	7.9	4.4	6.4	3	6.7	4.9	7.9	
Morocco	2021	83rd	71.5	4.9	6.6	8.5	6.2	5	7.5	6.8	5.1	5.6	4.8	5.3	5.2	
Peru	2021	85th	71.4	6.1	7.4	8.6	4.8	6.4	6.2	7.2	7.4	3.5	7.4	4.1	2.3	
Ecuador	2021	86th	71.2	5.9	8.2	6.1	6.3	6	4.6	5.7	6.6	4.2	6.9	5.6	5.1	
Thailand	2021	87th	70.9	8.2	9.7	7.3	3.9	4.5	4.1	7.7	4	7.9	5.9	5.1	2.6	
Fiji	2021	88th	70.4	6.5	7.9	5.7	7.7	5.1	7.6	5.7	4.4	5.7	4.1	2.8	7.2	
South Africa	2021	89th	70	6.4	6.3	5.9	8.3	6.7	4.9	5.9	6.9	4.2	7.1	4.2	3.2	
Mexico	2021	90th	69.9	8.5	5.4	6.3	5	5.3	4.9	5.5	6.9	5.8	6.7	5	4.6	
Armenia	2021	91st	69.8	5.7	7	5.3	6.6	3.6	6.8	6.9	3.9	6	4.4	6.6	7	
Ukraine	2021	91st	69.8	6.7	8	5.7	6.8	3.2	5.8	6.8	4.5	6	4.3	4.2	7.8	
Saudi Arabia	2021	93rd	69.7	5.7	8.5	9	4.3	4.7	3.3	7.8	4.4	8.6	4.9	3.8	4.7	
Tunisia	2021	94th	69.2	7.1	7.5	7.1	7.8	4.5	5.8	5.9	5	5.5	4.3	3.5	5.2	
China	2021	95th	68.9	5.5	7.2	7.1	3.7	5.9	3.8	8.5	5.3	9.6	5.9	3.7	2.7	
Bhutan	2021	96th	68.3	3.3	7.5	9.1	5	4.7	6.1	3.1	6.2	5.2	5.2	5.8	7.1	
Turkmenistan	2021	97th	68.2	5.1	7.8	5.6	4.9	6	4.5	9.8	4.7	8.6	5.4	2.9	2.9	
Belarus	2021	98th	68	5.6	8.8	5.9	5.1	3.7	4.1	9	3.3	7.9	5.1	2.4	7.1	
Indonesia	2021	99th	67.6	5.8	7.1	7.1	4.3	4.8	6.3	4.4	6.1	6.4	6.8	4.2	4.3	
Maldives	2021	99th	67.6	5.5	8.1	4	6.5	2.8	5.6	7.5	5.4	7.5	5.4	3.7	5.6	
Serbia	2021	101st	67.4	4.5	8.3	7.1	6.1	4.3	5.9	5.5	3.9	3.5	3.9	7.4	7	
Gabon	2021	101st	67.4	4.8	8	2.6	5.9	5.7	5.2	7.5	6.5	6.7	6.7	3.3	4.5	
Moldova	2021	103rd	67	5.1	8.3	6.4	5.9	3.8	7.5	5.7	5.2	4.5	5.4	3	6.2	
Bahrain	2021	104th	66.7	5.9	7.6	9.6	4.1	5.3	3	8	3.5	8.6	4.1	1.7	5.3	
Paraguay	2021	105th	66.4	6.3	7.8	4.6	4.9	7.1	5	6.6	6.3	5.5	5.5	3	3.8	
Guyana	2021	106th	66.1	7.1	5.1	6.5	4.5	4.7	8.2	4.6	6.4	3.3	5.8	3.4	6.5	
Dominican Republic	2021	107th	64.7	6.1	6.2	4.6	5.1	4.9	6.6	6	7	4.7	6.7	2.6	4.2	
North Macedonia	2021	108th	64.5	4.7	7.3	6	6.5	4.5	6	5.1	4.8	3	4.2	6.9	5.5	
Namibia	2021	109th	64.3	4.8	3.5	4.6	7.4	7.4	6.2	3	7.4	2.6	8.1	4.1	5.2	
Samoa	2021	110th	64.2	3.8	5.1	4.5	6.5	3.7	9.9	4.3	4.8	3.6	5.2	2.9	9.9	
Cabo Verde	2021	110th	64.2	4.8	5.5	2.9	6.5	5.5	7.7	4.1	5.6	2.8	6.8	3.6	8.4	
Belize	2021	110th	64.2	7.4	4.3	4.7	7.7	4.2	5.7	4	6	5.4	5	3.1	6.7	
Ghana	2021	113th	63.9	4.6	5.4	3.2	5.5	6.4	7.2	3.2	7.4	4.4	6.9	4	5.7	
Vietnam	2021	114th	63.3	3.9	6.9	5.2	3.9	3.8	5.3	8.4	4.3	7.8	5	4.5	4.3	
Suriname	2021	115th	61.5	4	5.8	6.4	7.8	5.3	5.6	3.8	5.2	4.2	5.3	3.1	5	
Kazakhstan	2021	116th	61.2	4	7.6	8	5.5	3.2	4.2	8.2	4.6	6.7	4.1	2.1	3	
Jamaica	2021	116th	61.2	6.6	3.7	2.2	6.9	4.7	9	3.6	7.2	5.2	4.6	2.8	4.7	
Cuba	2021	118th	59.5	4	7	2.8	4.8	4.2	5.5	7.4	4.3	6.5	5	3	5	
Albania	2021	119th	59	4.8	6.2	4.1	6.4	2.9	8.3	5.5	4.4	3.6	4.1	2.6	6.1	
Montenegro	2021	120th	58.5	4.6	6.5	9.1	6	2	4.7	3.6	4.4	3.4	3.9	3.4	6.9	
Cyprus	2021	121st	57.4	3.5	7.9	5.1	5.6	4.9	3.5	4	3.3	2.7	3.4	5.3	8.2	
Botswana	2021	122nd	57	3.4	3.3	3.9	6.6	6.8	4.9	2.4	7.1	4.8	7.6	3.3	2.9	
Malaysia	2021	123rd	56.9	5.4	6.8	5.4	3.3	4.1	4.5	6.3	4.3	6.8	4.4	3	2.6	
Seychelles	2021	124th	56.3	5.4	6	4.1	5.1	6.1	5.3	4.3	2.8	4.2	4.2	2.1	6.7	
Brunei Darussalam	2021	124th	56.3	4.2	7.4	6.5	3.3	7.3	3.8	7.1	2.6	6.9	2.8	1.1	3.3	
Grenada	2021	126th	56.1	4.8	5.6	3.6	6.3	4.9	7.5	4.3	4.4	2.1	3.9	2.2	6.5	
Antigua and Barbuda	2021	127th	54.9	5.4	3.7	3.6	6.9	4.5	6	4.2	4.4	3.9	4.3	2.5	5.5	
Greece	2021	128th	54.5	3.9	4.1	4.2	6	2.9	3.9	5.5	4	3.3	3.9	5.9	6.9	
Kuwait	2021	129th	52.9	3	7.5	4.1	3	4.2	3	7	3.3	7.2	4.6	2.4	3.6	
Trinidad and Tobago	2021	129th	52.9	6.9	5.6	3	4.4	4.5	7.2	3.3	4.5	3.7	3.9	2.5	3.4	
Bahamas	2021	131st	52.4	4.9	4.5	2.9	5.1	4.5	4.4	2.4	5.7	4.6	7.1	2.6	3.7	
Mongolia	2021	132nd	52.3	2.9	5.5	2.6	5.1	5.2	4.2	3.8	5.2	4	4.7	2.5	6.6	
Bulgaria	2021	133rd	51.6	4.3	5.3	4.2	5.2	3.8	5	3.7	4	2.9	5.2	3.7	4.3	
Hungary	2021	134th	51.1	2.4	5.3	3.6	5	2.9	4	6.4	3.4	5.3	3.3	5.6	3.9	
Romania	2021	135th	51	2.1	5.7	6	4.5	3.8	5.4	5	4.8	3.6	4.3	2.1	3.7	
Oman	2021	136th	50.4	3	6.6	2.3	5	4.1	1.9	6.9	3.7	7	4.5	1.9	3.5	
Argentina	2021	137th	50.1	4.9	2.8	3.8	7.1	4.9	3	4	4.8	3.3	5.3	1.9	4.3	
Croatia	2021	138th	49.8	2.6	4.4	4.9	5.7	2.8	5.7	2.3	3.1	2.6	4.6	6.6	4.5	
Panama	2021	139th	48.7	5.2	2.2	5.6	3.7	6.2	4	3.1	5.4	3.8	5.3	2.2	2	
Barbados	2021	140th	47	4.4	4.2	2.9	6.3	4.6	5.3	1.4	3.8	3.1	4.3	1.3	5.4	
Italy	2021	141st	45.2	5.1	4.9	4.3	5.7	2.3	2.4	2.8	3.7	0.9	5.2	4.5	3.4	
Spain	2021	142nd	44.8	3.4	6.9	6.7	5.3	2.9	1.2	6.9	2.9	1.2	3.5	2.2	1.7	
United States	2021	143rd	44.6	4.3	7.3	6.5	2.1	3.7	1.8	3.5	2.7	4.4	5	2.3	1	
Chile	2021	144th	44.1	3.8	2.2	3.2	4.2	5.1	3.4	5.2	4.5	3.6	5.9	1.9	1.1	
Qatar	2021	144th	44.1	1.4	5	3.4	1.6	4.7	1.5	6.4	2.9	6.1	3.4	1.4	6.3	
Latvia	2021	146th	44	2.6	4.3	8.3	3.7	3.5	5.5	2.2	3.9	2.4	3	1.9	2.7	
Poland	2021	147th	43.1	2.4	4.2	5.6	3.8	2.4	4.6	4.3	3	4	3.6	2.4	2.8	
Israel	2021	148th	43	2.4	7.9	6.7	1.2	3.6	2.4	3.3	1.8	2.9	4.8	1.2	4.8	
Costa Rica	2021	149th	42.5	3.5	3.8	3	5.2	4.7	3.5	1.3	4.7	1.1	3.5	3.9	4.3	
United Kingdom	2021	150th	41.5	3.5	5.8	6.1	5.2	3.5	2.5	3.2	2.6	2.1	3.6	1.7	1.7	
United Arab Emirates	2021	151st	40.3	2.5	3.6	2.8	2.4	3.3	2.2	6.4	2.9	7	3.6	1.8	1.8	
Estonia	2021	152nd	39.5	2.3	5.9	7.4	3.2	2.6	4.3	1.5	2.5	1.3	2.9	1.9	3.7	
Czechia	2021	153rd	39.3	2.6	5.3	4.6	4.2	2	3.5	4.1	2.7	2	3	3.2	2.1	
Slovakia	2021	154th	39	1.2	4.7	5.7	4.3	2.6	4.1	3.8	3.2	2.3	2.4	2.6	2.1	
Lithuania	2021	155th	38.7	2.8	3	3.3	3.7	4.1	5.2	1.5	3.7	2.2	3.4	1.8	4	
Mauritius	2021	156th	38.1	1.2	3.2	4.4	5.4	2.7	4.2	2.1	3.2	3.6	2.9	1.7	3.5	
Malta	2021	157th	36.2	2.4	2	2.7	4	2	3.7	3.1	2.4	3.3	3.7	3.8	3.1	
Uruguay	2021	158th	35.9	4.2	2.7	2.4	4.4	3.3	3.6	0.5	3.8	3	3.4	1.9	2.7	
South Korea	2021	159th	32.5	2.1	3.9	2.3	1.9	2.2	3.5	3	2.2	3.1	2.3	1.6	4.4	
France	2021	159th	32.5	3.5	1.9	6.4	4.2	3	2.1	0.9	1.8	1.2	3.9	2.7	0.9	
Japan	2021	161st	32.2	1.8	2.6	2.5	3.7	1.9	2.9	0.5	1.8	3	5.7	3.2	2.6	
Belgium	2021	162nd	31	2.6	4.4	4.1	4.6	2.1	2.5	0.8	2.5	0.6	4	2.3	0.5	
Slovenia	2021	163rd	28.2	0.5	2	3.6	3.4	2.4	3.6	1.9	2.4	1.1	3.4	2.8	1.1	
Portugal	2021	164th	26.8	0.5	2.5	1.3	4.8	2	2.8	0.8	2.9	1.1	3.3	1.8	3	
Singapore	2021	165th	26.6	0.7	4	2.2	1.6	3	1.9	3.7	1.5	4.5	2.1	0.7	0.7	
Austria	2021	166th	26.1	1.6	3.2	3.9	1.8	2.3	1.6	0.6	2.3	0.5	3.4	4.4	0.5	
Germany	2021	167th	24.8	2.3	2.3	4	1.8	2.5	2	0.5	2	0.8	2.1	4	0.5	
Netherlands	2021	168th	24.1	2.2	3.4	3.6	2.2	1.6	2.4	0.5	1.3	0.7	3.1	2.6	0.5	
Ireland	2021	169th	22.2	2.7	1.5	0.5	2.7	1.6	2.8	0.5	2.5	1.6	2.8	1.4	1.6	
Australia	2021	170th	21.8	2.7	1.7	3.1	1.6	1.8	0.5	0.5	2.8	1.7	2.9	2	0.5	
Canada	2021	171st	21.7	2.8	2.5	2.2	2	2.3	1.1	0.5	2.3	1.3	2	2.2	0.5	
Sweden	2021	172nd	21.4	2.7	1.8	1.7	1.9	1.7	0.7	0.5	1.4	0.9	3.3	4.3	0.5	
Luxembourg	2021	173rd	21.1	0.7	3.4	2.1	2.6	1.4	1.6	0.5	1.9	1.1	2.8	2.5	0.5	
Switzerland	2021	174th	19.9	1.6	1	2.7	2	1.8	1.1	0.5	1.6	0.8	3.2	3.1	0.5	
Denmark	2021	175th	18.8	1.7	1.4	3.7	1.7	1.2	1.3	0.5	1.4	0.9	2.3	2.2	0.5	
New Zealand	2021	176th	18.4	1.4	1.4	2.6	3.4	2.1	1.6	0.5	1.4	0.5	1.4	1.6	0.5	
Iceland	2021	177th	18	0.7	1.8	0.5	3.4	1.3	1.9	0.5	1.2	0.5	1.5	1.5	3.2	
Norway	2021	178th	16.6	1.8	1.1	3.3	1.9	1	0.8	0.5	1.6	0.5	1.4	2.2	0.5	
Finland	2021	179th	16.2	2.5	1.4	0.6	2.9	1	1.5	0.5	1.6	0.5	1.7	1.5	0.5	
Yemen	1/1/2022 0:00	1st	111.7	9.1	10	9.1	9.9	8	6.7	9.9	9.9	9.9	9.9	9.9	9.4	
Somalia	1/1/2022 0:00	2nd	110.5	9.4	10	8.4	9.1	9	8.7	9.5	9.9	8.8	10	8.7	9	
Syria	1/1/2022 0:00	3rd	108.4	9.5	9.9	9.4	9.3	6.8	8.1	10	9.3	9.4	7.3	9.4	10	
South Sudan	1/1/2022 0:00	3rd	108.4	9.8	9.2	8.5	8.9	8.7	6.6	9.6	9.8	8.6	9.6	10	9.1	
Central African Republic	1/1/2022 0:00	5th	108.1	8.3	9.7	8.4	8.2	9.7	6.5	9.2	10	9.4	9.2	9.8	9.7	
Congo Democratic Republic	1/1/2022 0:00	6th	107.3	8.7	9.6	9.3	8.3	8.4	6.7	9.3	9.5	9.3	9.7	9.7	8.8	
Sudan	1/1/2022 0:00	7th	107.1	8.2	9.6	9.6	9.2	8.4	7.8	9.3	8.9	9.1	9.1	9.5	8.4	
Afghanistan	1/1/2022 0:00	8th	105.9	10	8.7	8.2	9.3	8.2	8	9.2	9.9	8.4	9.1	8.9	8	
Chad	1/1/2022 0:00	9th	105.7	8.6	9.5	8.4	8.7	8.8	8	9.4	9.7	8.3	9.6	9.1	7.6	
Myanmar	1/1/2022 0:00	10th	100	9	9	9.6	7.5	7.2	6.4	9.1	9	9.2	7.3	9.1	7.6	
Haiti	1/1/2022 0:00	11th	99.7	6.3	9.6	5.4	8.6	9.3	8.2	9.8	9.7	7.4	8.7	7.2	9.5	
Guinea	1/1/2022 0:00	12th	99.6	9	10	9.7	7.9	7.6	6.4	10	9.7	7	9.1	6.5	6.7	
Ethiopia	1/1/2022 0:00	13th	99.3	8.5	9.2	9.2	6	7	6.3	8.5	8.6	8.7	9.7	9.2	8.4	
Mali	1/1/2022 0:00	14th	98.6	9.7	7.2	8.2	7.2	7.3	7.8	8.5	8.9	7.2	8.8	8.4	9.4	
Zimbabwe	1/1/2022 0:00	15th	97.8	8.7	9.9	5.8	9.1	7.7	7	8.9	8.7	8.1	9	7.9	7	
Nigeria	1/1/2022 0:00	16th	97.2	8.9	9.3	8.9	8.3	8	6.6	8.5	9.1	8.4	9.5	6.3	5.4	
Cameroon	1/1/2022 0:00	17th	96	8.4	9.3	8.4	6.5	7.7	7.2	8.7	8.3	7.6	8.8	8.4	6.7	
Eritrea	1/1/2022 0:00	18th	95.9	5.9	8.7	8.6	7.4	8.2	8.5	9.6	8	9	8	7.1	6.9	
Burundi	1/1/2022 0:00	19th	95.4	7.7	8.5	7	8.3	7.1	5.5	9.4	7.9	8.9	8.9	8.3	7.9	
Niger	1/1/2022 0:00	20th	95.2	8.6	9.6	7.6	6.5	7.9	6.9	6.8	9.6	7	8.8	8.2	7.7	
Libya	1/1/2022 0:00	21st	94.3	9.3	9.1	7.2	8.6	5.9	5.1	9.4	7.7	8.8	6.2	7.4	9.6	
Mozambique	1/1/2022 0:00	21st	94.3	7.3	6.3	6.9	8	9.1	7.4	6.8	9.6	7.5	9.5	7.8	8.1	
Iraq	1/1/2022 0:00	23rd	93.8	7.8	9.6	7.9	6.6	5.8	6.4	8.3	8.6	8.1	8.5	8	8.2	
Congo Republic	1/1/2022 0:00	24th	92.2	6.7	6.7	8.7	9.3	7.8	6.5	9.1	9	7.5	8.3	6.8	5.8	
Uganda	1/1/2022 0:00	25th	92.1	6.6	8.9	7.9	6.2	7.1	6.4	8.5	8.3	7.1	8.9	9.2	7	
Venezuela	1/1/2022 0:00	26th	91.6	7	9.4	6.7	9.9	6.8	6.6	9.6	8.6	8.8	6.8	6	5.4	
Guinea Bissau	1/1/2022 0:00	27th	91.3	7.4	9.6	4	7.5	9.4	6.8	9	9.1	6.3	8.9	5.8	7.5	
Lebanon	1/1/2022 0:00	27th	91.3	7.6	9.6	8	9.1	6.3	6.3	7.8	6.7	7.1	5.7	8.5	8.6	
Burkina Faso	1/1/2022 0:00	29th	90.5	8.7	7.8	5.5	6.9	8.1	7.1	6.4	8.8	6.5	8.4	7.7	8.6	
Pakistan	1/1/2022 0:00	30th	89.7	7.9	9	8.9	6.6	5	5.9	7.4	7.7	7.4	8.2	7.5	8.2	
Côte d'Ivoire	1/1/2022 0:00	31st	89.6	6.9	9.9	7	6.3	7.8	6.1	7.8	8.3	7.2	8.5	6.3	7.5	
North Korea	1/1/2022 0:00	32nd	89.1	7.7	9.2	4.9	8.6	7.4	3.5	9.9	8.3	9.3	7.6	3.5	9.2	
Liberia	1/1/2022 0:00	33rd	88.2	6.3	8.9	4.3	8.2	7.1	6.8	6.5	9	7	8.5	7.8	7.8	
Kenya	1/1/2022 0:00	33rd	88.2	7.1	8.6	8	6.3	7.1	6.7	7.3	8.3	6.2	8.4	7.6	6.6	
Angola	1/1/2022 0:00	35th	88.1	6.9	7.2	8.4	8.3	8.8	5.9	8.3	9.1	6.1	9.2	5.6	4.3	
Mauritania	1/1/2022 0:00	36th	87.9	6	8.8	7.3	6.6	6.7	6.2	7.9	8.6	6.6	8.5	8.2	6.5	
Palestine	1/1/2022 0:00	37th	85.6	6.1	8.9	5.3	6.5	5	8.8	8.8	3.9	7.8	8.6	5.9	10	
Bangladesh	1/1/2022 0:00	38th	84.5	6.7	9.3	8.7	5.4	5.4	6.7	7.4	7.8	7.2	7.6	7.4	4.9	
Equatorial Guinea	1/1/2022 0:00	39th	84.1	5.6	8.2	7.2	6.6	7.9	4	9.8	8.8	8.1	8.8	5.2	3.9	
Iran	1/1/2022 0:00	39th	84.1	6.6	9.6	9.2	7.3	4.6	5	9.3	4.4	9.8	6.5	5.4	6.4	
Rwanda	1/1/2022 0:00	41st	83.7	5.5	8	9.3	6.1	7.7	6.4	6.7	7	6.1	7.3	7.6	6	
Egypt	1/1/2022 0:00	42nd	83.6	7.3	9.1	8	7	4.8	5.1	8.6	5	9.5	7	5.8	6.4	
Zambia	1/1/2022 0:00	42nd	83.6	4.2	5.9	5.6	8.7	9.2	6.8	7.2	7.8	7.2	9.3	5.2	6.5	
Togo	1/1/2022 0:00	42nd	83.6	6.1	7.6	6.3	7	8.2	6.8	7.9	8.2	6.5	7.4	6	5.6	
Malawi	1/1/2022 0:00	45th	83	4.5	8.7	4.4	7.8	7.9	6.7	7.4	8.5	5	9.5	5.5	7.1	
Sierra Leone	1/1/2022 0:00	46th	82.4	3.5	7.8	5.3	8.2	7.8	7.3	5.4	8.9	5.3	8.8	7.7	6.4	
Comoros	1/1/2022 0:00	47th	82.3	5.9	8	4.5	7.3	7.4	7.1	7.9	8.1	5.5	8.3	5.8	6.5	
Djibouti	1/1/2022 0:00	48th	81.3	5	7.3	5	6.7	7.2	4.3	8.5	7.4	7.4	7.2	7.4	7.9	
Nepal	1/1/2022 0:00	49th	80.6	5	8.8	9.1	5.6	5.6	6.1	6.1	7.4	6	8.4	6.9	5.6	
Cambodia	1/1/2022 0:00	50th	80.5	6.1	8.4	5.8	5.5	6.3	6.3	8.8	7.9	7.8	6.9	4.2	6.5	
Philippines	1/1/2022 0:00	50th	80.5	9.4	8	7	4.9	4.9	5.1	7.1	6.5	7.8	8.1	6	5.7	
Madagascar	1/1/2022 0:00	52nd	80.4	6	7.8	3.6	7.6	9.1	5.8	7	8.8	5.9	9.5	4	5.3	
Swaziland	1/1/2022 0:00	52nd	80.4	4.8	6.8	1.9	9.3	7.9	6.3	8.7	7.4	7.9	9	4	6.4	
Solomon Islands	1/1/2022 0:00	52nd	80.4	5.3	8.7	5.8	6.7	7.9	6.2	6.1	8.1	3.9	7.4	4.7	9.6	
Papua New Guinea	1/1/2022 0:00	55th	79.5	6.4	7.1	4.8	7.1	8.5	6.2	5.8	9.4	6.6	7.7	4.6	5.3	
Sri Lanka	1/1/2022 0:00	56th	79.3	6.5	9.1	8.1	5.5	5.6	6.6	6	5	7.9	6.7	6.9	5.4	
Timor-Leste	1/1/2022 0:00	56th	79.3	5.9	8.3	5.3	7.4	6.1	6.9	5.2	7.3	4.2	9	5.4	8.3	
Honduras	1/1/2022 0:00	58th	78.7	6.7	7	4.8	6	6.7	6.9	7.1	7.3	7.5	6.8	5.3	6.6	
Gambia	1/1/2022 0:00	59th	78.6	5.4	7.7	2.7	7.9	5.8	7.2	6.9	7.7	7.3	8.5	5.7	5.8	
Colombia	1/1/2022 0:00	60th	78.4	6.6	7.6	7.6	5.5	6.3	4.8	5.6	6.3	7.2	8.1	7.7	5.1	
Tanzania	1/1/2022 0:00	61st	78.2	4.9	6.5	5.1	5.9	7	6.7	7.4	8.4	5.9	8.9	5.2	6.3	
Turkey	1/1/2022 0:00	62nd	78.1	6.9	8.8	9.4	4.9	4.6	3.9	7.3	5.1	8.1	5	8.1	6	
Nicaragua	1/1/2022 0:00	63rd	77.7	5.9	7.1	5.7	5.7	6.9	7.6	8.9	6.6	7.4	5.3	4.1	6.5	
Guatemala	1/1/2022 0:00	64th	77.5	6.5	7.1	9.3	4.6	6.8	6.8	6.6	6.9	7.3	7	4.9	3.7	
Lesotho	1/1/2022 0:00	65th	77.4	6.1	7.3	3	8.3	8.1	7.6	4.8	7.2	4.8	8.9	4.2	7.1	
Kyrgyzstan	1/1/2022 0:00	66th	77.1	5.9	8.2	8.2	7.2	5	6.7	8.5	5	6.4	6	3.8	6.2	
Jordan	1/1/2022 0:00	67th	76.6	4.9	6.9	8.3	6.5	4.7	5.4	6.4	5.1	6.9	6.6	8.7	6.2	
Laos	1/1/2022 0:00	68th	75.5	4.1	8.3	7.2	4.8	5.4	6.7	9	6.4	6.8	6.7	5.1	5	
India	1/1/2022 0:00	69th	75.3	6.3	7.3	8.1	6.5	6.1	5.2	4.4	7.6	7.4	8.4	3.8	4.2	
Tajikistan	1/1/2022 0:00	70th	75	5.4	8.4	6.7	6	4.2	5.5	9.3	5	8.5	7.3	3.7	5	
Brazil	1/1/2022 0:00	71st	73.9	6.5	6.2	7.4	6.1	6.9	3.7	6.7	7.5	7.6	9	3	3.3	
Bolivia	1/1/2022 0:00	72nd	73.4	5.6	8.2	6.1	6	7.9	5.9	6.7	6.6	6	7.2	2.9	4.3	
Azerbaijan	1/1/2022 0:00	73rd	73.1	6.1	7.9	5.8	4.2	4.8	4.4	9.1	5.2	7.4	3.9	6.6	7.7	
Bosnia and Herzegovina	1/1/2022 0:00	74th	73	4.7	8.7	6.3	6.1	4.2	6.8	6.3	4.5	4.6	6.4	7.1	7.3	
Russia	1/1/2022 0:00	75th	72.6	7.8	8.4	8.1	4.7	4.7	3.4	8.6	4	9	5.1	4.3	4.5	
Benin	1/1/2022 0:00	76th	72.5	5	6.7	2.5	6.7	7.9	6.2	5.3	8.4	5.2	8	5.4	5.2	
Algeria	1/1/2022 0:00	77th	72.2	6.1	7.2	6.9	6.3	5.3	5.4	7.9	5.3	6.6	5.3	6.5	3.4	
Senegal	1/1/2022 0:00	78th	72.1	4.8	7	5.3	7.2	6.6	7	3.7	7.6	4.5	7.4	5.8	5.2	
South Africa	1/1/2022 0:00	79th	72	6.9	6.8	5.9	8	7	4.8	6.4	6.9	4.5	7.9	3.9	3	
Georgia	1/1/2022 0:00	80th	71.8	5.3	9.1	7	5.5	4.3	5.8	8.3	4.1	4.9	5	6	6.5	
Micronesia	1/1/2022 0:00	81st	71	3.4	5.6	3.7	8.8	6.8	8.7	4.4	6.5	3.5	6.1	3.9	9.6	
El Salvador	1/1/2022 0:00	82nd	70.8	6.3	4.8	5.6	5.6	5.1	8.4	4.9	6.5	5.6	7.1	5.6	5.3	
Sao Tome and Principe	1/1/2022 0:00	83rd	70.4	4.4	6.3	4.2	8.6	6.5	7.6	4.1	6.5	2.7	7	4.9	7.6	
Mexico	1/1/2022 0:00	84th	70.3	8.6	5.9	6.4	4.5	5.4	4.6	6	6.6	5.5	7.2	5.3	4.3	
Morocco	1/1/2022 0:00	85th	70.1	4.6	6.6	8.6	5.9	4.9	7.4	6.8	5.4	5.3	4.7	5	4.9	
Thailand	1/1/2022 0:00	86th	70	8.3	9.7	7	3.6	4.6	3.8	7.8	3.7	7.6	6.4	5.2	2.3	
Peru	1/1/2022 0:00	87th	69.8	5.8	7.4	8.3	4.3	6.1	5.9	6.9	7.1	3.7	7.9	4.4	2	
Uzbekistan	1/1/2022 0:00	88th	69.6	5.9	8.8	5.7	5.1	5.6	5.1	9.2	4.3	7.6	4.5	4.1	3.7	
Ecuador	1/1/2022 0:00	89th	69.1	5.6	8.2	5.8	6	5.9	4.3	5.8	6.3	4.1	7	5.3	4.8	
Fiji	1/1/2022 0:00	90th	68.9	6.2	7.9	5.4	7.8	5	7.5	5.8	4.2	5.4	4.1	2.7	6.9	
Belarus	1/1/2022 0:00	91st	68.7	5.3	9.5	5.6	4.8	3.4	4.2	9.3	3	8.2	5.1	2.7	7.6	
Ukraine	1/1/2022 0:00	92nd	68.6	6.4	8	5.8	6.5	2.9	5.9	6.5	4.3	5.8	4.8	4.2	7.5	
Tunisia	1/1/2022 0:00	93rd	68.2	7.2	7.2	7.2	7.9	4.4	5.5	6	4.7	5.4	4.6	3.2	4.9	
Serbia	1/1/2022 0:00	94th	67.8	4.2	8.6	6.8	5.8	4.2	6	5.8	4.2	3.6	4.4	7.1	7.1	
Saudi Arabia	1/1/2022 0:00	95th	67.5	5.4	8.5	9.3	4	4.5	3	7.8	4.1	8.4	4.6	3.5	4.4	
Bhutan	1/1/2022 0:00	96th	67.4	3	7.5	9.4	5.5	4.6	5.8	2.8	5.9	4.9	5.7	5.5	6.8	
Armenia	1/1/2022 0:00	97th	67	5.4	6.7	5.6	6.1	3.1	6.7	6.6	3.6	5.7	4.1	6.5	6.9	
China	1/1/2022 0:00	98th	66.9	5.2	7.2	6.8	3.3	6	3.5	8.2	5	9.7	6.2	3.4	2.4	
Gabon	1/1/2022 0:00	99th	66.7	4.5	7.7	2.9	5.9	5.7	5.1	7.8	6.7	6.4	6.7	3.1	4.2	
Bahrain	1/1/2022 0:00	100th	66.6	5.6	7.6	9.6	4	5.6	3	8.1	3.2	8.6	4.4	1.7	5.2	
Indonesia	1/1/2022 0:00	100th	66.6	5.5	7.1	6.8	4.2	4.5	6	4.5	6.2	6.2	7.3	4.3	4	
Turkmenistan	1/1/2022 0:00	102nd	66.5	4.8	7.8	5.4	4.6	5.9	4.4	9.8	4.4	8.3	5.9	2.6	2.6	
Paraguay	1/1/2022 0:00	103rd	65.4	6	7.8	4.7	4.6	7	4.7	6.7	6	5.2	6	3.2	3.5	
Samoa	1/1/2022 0:00	104th	64.8	3.9	5.1	4.8	7	3.6	10	4.4	4.9	3.5	4.9	3.2	9.5	
Maldives	1/1/2022 0:00	105th	64.5	5.2	8.1	3.7	5.5	2.7	5.3	7.2	5.1	7.2	5.5	3.4	5.6	
Moldova	1/1/2022 0:00	105th	64.5	4.8	7.8	6.1	5.4	3.9	7.8	5.2	4.9	4.2	5.7	2.8	5.9	
Guyana	1/1/2022 0:00	107th	64.2	6.8	5.1	6.2	4	4.4	8.1	4.5	6.4	3.1	6.1	3.3	6.2	
Ghana	1/1/2022 0:00	108th	63	4.3	5.9	3.3	5.3	6.3	7.1	3.2	7.1	4.1	7.2	3.8	5.4	
Namibia	1/1/2022 0:00	109th	62.9	4.5	3.5	4.3	7.1	7.3	6.1	3.1	7.5	2.3	8.4	3.9	4.9	
Dominican Republic	1/1/2022 0:00	110th	62.8	5.8	6.2	4.6	4.8	4.8	6.7	5.7	6.7	4.4	6.7	2.5	3.9	
North Macedonia	1/1/2022 0:00	111th	62.6	4.4	7.3	5.7	6.2	4.4	6.3	4.8	4.5	2.7	4.5	6.6	5.2	
Jamaica	1/1/2022 0:00	112th	62.1	6.7	3.7	1.9	6.6	5.4	9.1	3.7	7.3	5.3	5.1	2.5	4.8	
Belize	1/1/2022 0:00	112th	62.1	7.1	4.3	4.7	7.2	3.9	5.2	3.7	5.7	5.3	5.3	3.3	6.4	
Cabo Verde	1/1/2022 0:00	114th	61.4	4.5	5.5	2.6	5.7	5.2	7.7	3.8	5.9	2.6	6.5	3.3	8.1	
Vietnam	1/1/2022 0:00	115th	60.9	3.8	6.9	5.1	3.6	3.5	5	8.3	4	7.8	4.7	4.2	4	
Suriname	1/1/2022 0:00	116th	60.8	3.7	5.8	6.7	7.7	5	5.6	3.5	4.9	4.3	5.8	3.1	4.7	
Cuba	1/1/2022 0:00	117th	60.1	3.7	7	2.5	5.1	4.1	5.6	7.5	4.8	6.6	5.8	2.7	4.7	
Kazakhstan	1/1/2022 0:00	118th	59.5	3.7	7.6	7.7	5	2.9	4.3	8.1	4.3	6.8	4.4	2	2.7	
Montenegro	1/1/2022 0:00	119th	57.9	4.3	6.5	9.2	5.5	2.3	4.9	3.8	4.1	3.2	4.4	3.1	6.6	
Cyprus	1/1/2022 0:00	120th	56.9	3.2	7.9	4.8	5.3	4.8	3.4	3.7	3.6	2.7	3.7	5.6	8.2	
Albania	1/1/2022 0:00	121st	56.7	4.5	6.2	3.8	6	2.6	8.3	5.2	4.1	3.3	4.4	2.5	5.8	
Malaysia	1/1/2022 0:00	122nd	56.4	5.1	6.8	5.1	3.2	4	4.4	6.4	4	7	5	3.1	2.3	
Botswana	1/1/2022 0:00	123rd	56.1	3.1	3.3	4	6.1	6.9	4.8	2.5	6.6	4.9	7.9	3.4	2.6	
Greece	1/1/2022 0:00	124th	55.8	3.6	4.1	4.3	5.7	2.9	4.1	5.8	4.3	3.6	4.4	5.6	7.4	
Brunei Darussalam	1/1/2022 0:00	125th	55.1	3.9	7.4	6.8	3	7.2	3.7	7.4	2.3	6.6	2.7	0.8	3.3	
Grenada	1/1/2022 0:00	126th	54.3	4.5	5.6	3.6	6.2	4.6	7.4	4	4.1	1.8	4.4	1.9	6.2	
Antigua and Barbuda	1/1/2022 0:00	127th	54.2	5.1	3.7	3.6	7.1	4.8	6	3.9	4.1	3.6	4	2.5	5.8	
Seychelles	1/1/2022 0:00	127th	54.2	5.1	6	4	4.1	5.6	5	4	2.6	4.3	4.5	2.2	6.8	
Trinidad and Tobago	1/1/2022 0:00	129th	52.4	7	5.6	3.3	4.1	4.4	6.9	3	4.6	3.4	4	2.8	3.3	
Kuwait	1/1/2022 0:00	130th	52.2	2.7	7.5	4.4	2.8	4.5	2.7	7.1	3	7.2	4.7	2.3	3.3	
Bulgaria	1/1/2022 0:00	131st	51.6	4	5.3	4.3	4.9	4.3	5.1	3.4	4.2	3	5.7	3.4	4	
Mongolia	1/1/2022 0:00	131st	51.6	2.6	5.5	2.4	5	5.1	4.3	3.8	4.9	4.1	5	2.6	6.3	
Hungary	1/1/2022 0:00	133rd	50.8	2.1	5.3	3.6	4.7	2.6	4	6.5	3.1	5.8	3.8	5.7	3.6	
Romania	1/1/2022 0:00	133rd	50.8	2.2	5.7	5.7	4	3.9	5.3	4.7	5.3	3.8	4.8	2	3.4	
Bahamas	1/1/2022 0:00	135th	50.6	4.6	4.5	2.6	4.8	4.6	4.3	2.1	5.6	4.7	6.6	2.4	3.8	
Oman	1/1/2022 0:00	136th	49.5	2.7	6.6	2.6	4.7	4	1.8	6.9	3.4	6.8	4.3	1.9	3.8	
Croatia	1/1/2022 0:00	137th	49.3	2.3	4.4	4.6	5.4	2.7	5.8	2.4	3.4	2.3	5.1	6.7	4.2	
Argentina	1/1/2022 0:00	138th	47.9	4.6	2.8	3.5	6.3	5	3	3.7	4.5	3	5.6	1.9	4	
Panama	1/1/2022 0:00	139th	47.5	4.9	2.2	5.9	3.2	6.1	3.9	3.2	5.1	4.1	4.8	2.3	1.8	
United States	1/1/2022 0:00	140th	46.6	5	7.3	6.8	1.8	3.7	1.8	4.5	2.5	4.5	5.5	2.5	0.7	
Barbados	1/1/2022 0:00	141st	45.9	4.1	4.2	2.6	6.2	5.1	5	1.3	3.5	2.8	4	1.6	5.5	
Spain	1/1/2022 0:00	142nd	44.4	3.1	6.9	7	4.8	3	1.1	6.6	3.2	1.5	3.6	2.2	1.4	
Italy	1/1/2022 0:00	143rd	43.4	4.8	4.9	4	5.1	2.6	2.3	2.3	3.6	0.8	4.9	4.6	3.5	
Chile	1/1/2022 0:00	144th	43.2	3.9	2.2	3.5	3.7	5	3.3	4.7	4.2	3.8	6.2	1.8	0.9	
Latvia	1/1/2022 0:00	145th	42.8	2.3	4.3	8	3.4	3.6	5.5	2.1	3.6	2.1	3.5	2	2.4	
Israel	1/1/2022 0:00	146th	42.6	2.5	8	6.8	1.1	3.4	2.4	3	1.7	2.9	5.1	1.2	4.5	
Qatar	1/1/2022 0:00	147th	42.3	1.1	5	3.1	1.5	5	1.2	6.3	2.6	5.8	3.1	1.6	6	
Poland	1/1/2022 0:00	148th	42.2	2.1	4.2	5.3	3.3	2.2	4.6	4	3.3	4.1	4.1	2.5	2.5	
Costa Rica	1/1/2022 0:00	149th	41	3.2	3.8	2.7	5.2	4.8	3.2	1.2	4.4	1.1	3.2	4.4	3.8	
United Kingdom	1/1/2022 0:00	150th	40.6	3.2	5.8	6.1	4.7	3.2	2.4	3.3	2.3	2.4	3.9	1.9	1.4	
Czechia	1/1/2022 0:00	151st	39.9	2.3	5.3	4.3	3.9	1.9	3.4	4.2	3.2	2	3.5	3.5	2.4	
United Arab Emirates	1/1/2022 0:00	152nd	39.1	2.6	3.6	2.5	1.9	3	2.2	6.4	2.4	7.1	3.9	1.7	1.8	
Lithuania	1/1/2022 0:00	153rd	38.6	2.5	3	3	3.2	4	5.3	1.3	4	2	3.9	1.9	4.5	
Mauritius	1/1/2022 0:00	154th	37.9	1.1	3.1	4.7	5.3	2.8	4.1	2.1	3.1	3.5	3	1.9	3.2	
Estonia	1/1/2022 0:00	155th	37.7	2	5.9	7.1	2.7	2.7	4.4	1.2	2.2	1.3	3.2	1.6	3.4	
Slovakia	1/1/2022 0:00	156th	37.1	0.9	4.7	5.4	4	2.3	4.1	3.5	2.9	2.3	2.9	2.3	1.8	
Uruguay	1/1/2022 0:00	157th	35.2	3.9	2.7	2.3	4.3	3.2	3.4	0.4	3.5	3.3	3.7	2.1	2.4	
Malta	1/1/2022 0:00	158th	34.7	2.1	2	2.4	3.7	2	3.5	3.2	2.1	3.4	4	3.5	2.8	
South Korea	1/1/2022 0:00	159th	32.7	1.8	3.9	2.6	1.7	2.5	3.4	2.7	2.7	3.1	2.8	1.4	4.1	
Belgium	1/1/2022 0:00	160th	31.9	2.3	4.4	3.8	4.3	2	2.6	0.9	2.8	0.9	4.5	2.4	1	
Japan	1/1/2022 0:00	161st	31	1.5	2.6	2.2	3.4	2.4	2.9	0.2	1.5	2.9	6.2	2.9	2.3	
France	1/1/2022 0:00	162nd	30.9	3.2	1.9	6.7	3.7	2.9	2.1	1.1	1.5	1.1	3.4	2.7	0.6	
Slovenia	1/1/2022 0:00	163rd	27.7	0.3	2	3.3	2.9	2.6	3.7	1.7	2.7	1.3	3.9	2.5	0.8	
Portugal	1/1/2022 0:00	164th	27.5	0.3	2.5	1	4.4	2.3	3	0.8	3.2	1.2	4.3	1.7	2.8	
Singapore	1/1/2022 0:00	165th	25.8	0.4	4	2.5	1.1	3.1	1.6	3.7	1.2	4.8	2.6	0.4	0.4	
Austria	1/1/2022 0:00	166th	25.4	1.7	3.2	3.6	1.5	2.3	1.7	0.6	2	0.4	3.9	4.2	0.3	
Germany	1/1/2022 0:00	167th	23.6	2	2.3	3.7	1.5	2.4	1.9	0.4	1.7	0.8	2.6	4	0.3	
Australia	1/1/2022 0:00	168th	22.7	2.4	1.7	3.2	1.9	2.3	0.4	0.4	2.5	1.9	3.7	2	0.3	
Netherlands	1/1/2022 0:00	169th	22.1	2.1	3.4	3.3	1.9	1.7	2.4	0.3	1	0.6	2.8	2.3	0.3	
Sweden	1/1/2022 0:00	170th	20.9	2.4	1.8	2	1.6	2	0.6	0.6	1.1	1.2	3.3	4	0.3	
Ireland	1/1/2022 0:00	171st	20.8	2.4	1.5	0.6	2	1.7	2.6	0.6	2.2	1.5	3.1	1.3	1.3	
Canada	1/1/2022 0:00	172nd	20.1	2.5	2.5	2.3	1.7	2.2	0.8	0.4	2	1.6	1.5	2.3	0.3	
Luxembourg	1/1/2022 0:00	173rd	20	0.4	3.4	1.8	2.1	1.7	1.6	0.3	1.6	1.1	2.9	2.8	0.3	
Switzerland	1/1/2022 0:00	174th	18.9	1.7	1	2.4	1.9	2.1	1	0.3	1.9	0.5	2.7	3.1	0.3	
Denmark	1/1/2022 0:00	175th	18.1	1.4	1.4	3.4	1.2	1.5	1	0.3	1.7	0.6	2.6	2.7	0.3	
New Zealand	1/1/2022 0:00	176th	17.5	1.7	1.4	2.3	2.9	2.3	1.4	0.5	1.2	0.5	1.3	1.5	0.5	
Iceland	1/1/2022 0:00	177th	17.1	0.4	1.8	0.5	3.1	1.4	1.7	0.4	0.9	0.4	1.8	1.8	2.9	
Norway	1/1/2022 0:00	178th	15.6	1.5	1.1	3.4	1.7	1.3	0.7	0.3	1.3	0.3	1.7	2	0.3	
Finland	1/1/2022 0:00	179th	15.1	2.2	1.4	0.3	2.6	1.3	1.5	0.3	1.3	0.3	2	1.6	0.3	
Somalia	2023	1st	111.9	9.5	10	8.7	9.5	9.1	8.6	9.6	9.8	9	10	9	9.1	
Yemen	2023	2nd	108.9	8.6	9.9	8.8	9.9	7.9	6.4	9.8	9.6	9.6	9.6	9.6	9.2	
South Sudan	2023	3rd	108.5	9.9	9.2	8.6	8.6	8.6	6.5	9.8	9.7	8.7	9.7	10	9.2	
Congo Democratic Republic	2023	4th	107.2	8.8	9.6	9.4	8.1	8.4	6.4	9.3	9.3	9.3	9.7	9.8	9.1	
Syria	2023	5th	107.1	9.4	9.9	9.1	9.6	6.5	8	10	9	9.1	7.4	9.1	10	
Afghanistan	2023	6th	106.6	9.7	8.7	8.3	9.6	8.2	8.5	9.4	10	8.7	9.2	8.6	7.7	
Sudan	2023	7th	106.2	8.3	9.6	9.3	9.3	8.5	7.5	9.4	8.6	9.2	8.8	9.6	8.1	
Central African Republic	2023	8th	105.7	8	9.4	8.1	8.2	9.6	6.2	8.9	10	9.1	9.3	9.5	9.4	
Chad	2023	9th	104.6	8.7	9.5	8.1	8.4	8.7	7.7	9.1	9.6	8.4	9.5	9	7.9	
Haiti	2023	10th	102.9	6.8	9.7	5.5	8.9	9.2	8.3	9.9	9.8	8.7	8.8	7.7	9.6	
Ethiopia	2023	11th	100.4	8.6	9.3	8.9	6.8	7.5	6.2	8.2	8.7	8.8	9.8	9.5	8.1	
Myanmar	2023	12th	100.2	9.1	9	9.7	7.6	7.3	6.3	9.3	9.1	9.3	7	9.2	7.3	
Mali	2023	13th	99.5	9.6	7.2	8.5	7.5	7.2	7.7	8.6	8.9	7.5	8.8	8.5	9.5	
Guinea	2023	14th	98.5	8.7	10	9.4	8	7.5	6.3	9.7	9.4	7.3	8.8	6.2	7.2	
Nigeria	2023	15th	98	9	9.6	8.6	8.8	8.1	6.7	8.2	8.8	8.6	9.6	6.4	5.6	
Zimbabwe	2023	16th	96.9	8.4	10	5.9	9.2	7.8	7.1	8.9	8.8	7.8	8.7	7.6	6.7	
Libya	2023	17th	96.1	9.5	9.3	7.3	8.9	6.4	5	9.6	8	9.3	6	7.5	9.3	
Ukraine	2023	18th	95.9	10	8	6.8	8.5	4.9	8.9	6.4	7.3	7.8	7.3	10	10	
Eritrea	2023	19th	94.5	6	8.4	8.7	7.1	7.9	8.6	9.7	8.1	9.1	7.7	6.6	6.6	
Burundi	2023	20th	94.2	7.8	8.5	6.7	8.8	7.2	5.2	9.1	8	8.6	8.7	8	7.6	
Burkina Faso	2023	21st	94	9.3	8.2	5.8	7.2	8.3	7	7.4	8.6	7	8.3	8.2	8.7	
Mozambique	2023	22nd	94	7	6.3	7.4	7.7	9.2	7.1	7.1	9.7	7.2	9.6	7.9	7.8	
Cameroon	2023	23rd	94	8.1	9.3	8.1	6	7.4	6.9	8.8	8.3	7.3	9	8.4	6.4	
Niger	2023	24th	93.4	8.3	9.6	7.7	6.4	7.8	6.6	6.6	9.5	6.7	8.9	7.9	7.4	
Lebanon	2023	25th	91.8	7.3	9.6	8.1	9.2	6.6	6.5	7.7	6.8	7.1	5.8	8.8	8.3	
Uganda	2023	26th	91.5	6.3	8.9	7.6	6.4	7.4	6.1	8.2	8	7.2	9.2	8.9	7.3	
Iraq	2023	27th	91.4	7.5	9.6	8	6.3	5.7	6.1	8.3	8.3	7.8	8.2	7.7	7.9	
Congo Republic	2023	28th	90.7	6.4	6.7	8.8	9.3	7.5	6.2	9.1	8.7	7.2	8.5	6.5	5.8	
Venezuela	2023	29th	90.5	6.7	9.4	6.4	9.4	6.9	6.5	9.6	8.3	8.6	6.5	6.5	5.7	
Sri Lanka	2023	30th	90.3	6.8	9.1	8.4	8.3	6	7.6	8	6	8.4	7.2	6.6	7.9	
Guinea Bissau	2023	31st	89.9	7.9	9.9	3.7	7.2	8.9	6.7	9.1	8.9	6	8.9	5.5	7.2	
Pakistan	2023	32nd	89.9	7.6	9.3	9	6.7	4.9	5.8	7.4	7.5	7.5	8.3	7.6	8.3	
Liberia	2023	33rd	88.9	6.8	8.9	4.6	8.3	7.5	6.7	6.2	9.1	7.5	8.4	7.4	7.5	
Palestine	2023	34th	87.9	7.9	8.6	5.8	6.2	4.9	8.9	9.1	4.4	7.6	8.3	6.2	10	
Kenya	2023	35th	87.8	6.8	8.9	8	6.4	7.4	6.4	7.3	8	6.3	8.1	7.3	6.9	
Cote d'Ivoire	2023	36th	87.1	6.6	9.9	6.7	6.2	7.5	5.8	7.5	8.2	6.9	8.6	6	7.2	
Mauritania	2023	37th	87	5.7	8.8	7.6	6.3	7.2	5.7	7.8	8.4	6.4	8.6	8.3	6.2	
North Korea	2023	38th	87	7.4	9.2	4.6	8.7	7.3	3.2	9.8	8	9.4	7.3	3.2	8.9	
Angola	2023	39th	86.9	6.6	7.2	8.7	8.2	8.8	5.6	8.1	8.8	6.3	9.3	5.3	4	
Iran	2023	40th	85.4	7	9.6	9.6	7.6	4.5	4.9	9.8	4.1	9.9	6.8	5.5	6.1	
Bangladesh	2023	41st	85.2	6.8	9.3	8.8	5.1	5.9	6.8	7.5	7.9	7.3	7.7	7.5	4.6	
Equatorial Guinea	2023	42nd	84.4	5.9	8.2	7.5	6.7	7.6	3.7	9.9	8.5	8.2	9.1	5.5	3.6	
Malawi	2023	43rd	83.2	4.2	8.7	4.1	8.1	7.8	6.4	7.5	8.2	5.1	9.6	6	7.5	
Rwanda	2023	44th	82.3	5.2	8	9	6.4	7.8	6.1	6.7	6.7	6.2	7.2	7.3	5.7	
Comoros	2023	45th	82.2	5.6	8	4.8	7.3	7.7	7.2	8	8	5.7	8.2	5.5	6.2	
Djibouti	2023	46th	82.2	5.3	7.3	5.3	7	7.2	4	8.8	7.6	7.9	7.1	7.1	7.6	
Togo	2023	47th	82.1	5.8	7.6	6.6	7	8.1	6.5	7.6	8.1	6.4	7.4	5.7	5.3	
Zambia	2023	48th	81.8	3.9	5.6	5.9	8.2	9.1	6.3	6.7	8.1	7.5	9.4	4.9	6.2	
Madagascar	2023	49th	81.7	5.7	7.8	3.8	7.7	9.2	5.9	6.7	9.3	6	9.6	5	5	
Egypt	2023	50th	81.6	7	9.1	7.7	7.1	4.5	5	8.6	4.7	9.2	6.7	5.5	6.5	
Sierra Leone	2023	51st	81.4	3.6	7.8	5.4	8.5	7.5	7	5.5	8.6	5.6	8.4	7.4	6.1	
Turkey	2023	52nd	81.2	6.6	8.8	9.5	6.9	6.6	3.7	7.3	4.8	8	4.5	8.2	6.3	
Russia	2023	53rd	80.7	8.3	8.4	7.8	7.7	5.2	3.9	9.1	3.7	9.3	4.8	4.8	7.7	
Cambodia	2023	54th	80.3	6.4	8.7	5.5	5.2	6.4	6	9.1	7.4	8.3	6.4	3.9	7	
Nepal	2023	55th	80.2	5.5	8.8	8.8	5.1	5.3	6.1	6.6	7.1	6.3	8.1	6.6	5.9	
Solomon Islands	2023	56th	79.6	5	8.7	5.5	6.4	7.8	5.9	6.2	8	4	7.1	5	10	
Honduras	2023	57th	79.6	6.8	7	4.9	6.3	6.7	6.7	6.8	7.8	7.6	6.9	5.8	6.3	
Swaziland	2023	58th	79.1	4.5	6.8	2	9.4	7.8	6	8.8	7.1	8.2	8.7	3.7	6.1	
Colombia	2023	59th	78.1	6.7	7.6	7.3	6.2	6.4	4.6	5.3	6	7.5	7.8	7.8	4.9	
Papua New Guinea	2023	60th	78.1	6.5	7.1	4.5	6.8	8.2	5.9	5.7	9.4	6.7	7.4	4.9	5	
Philippines	2023	61st	77.8	9.1	8	6.8	4.4	4.7	4.9	6.8	6.5	7.5	7.9	5.8	5.4	
Nicaragua	2023	62nd	77.7	5.6	7.1	5.6	6	6.7	7.3	9.1	6.5	7.5	5	5.1	6.2	
Timor-Leste	2023	63rd	77.5	5.6	8.3	5	7.1	5.9	6.6	4.9	7.2	4.5	8.7	5.7	8	
Guatemala	2023	64th	77.3	6.2	7.1	9.3	4.7	6.5	6.5	6.8	6.8	7.6	7.1	5.3	3.4	
Tanzania	2023	65th	76.6	4.6	6.5	5.2	6.2	7.3	6.4	6.9	8.4	5.6	8.6	4.9	6	
Lesotho	2023	66th	76.3	5.8	7.3	3.1	8.4	7.9	7.5	4.9	7.2	4.9	8.6	3.9	6.8	
Gambia	2023	67th	76.1	5.1	7.4	2.8	7.6	5.9	6.9	6.4	7.6	6.9	8.2	5.8	5.5	
Jordan	2023	68th	75.7	4.6	6.9	8.2	6.4	4.4	5.7	6.9	4.8	7.2	6.3	8.4	5.9	
Kyrgyz Republic	2023	69th	75.6	5.6	8.2	7.9	6.9	4.9	6.7	8.2	4.7	6.6	5.7	3.9	6.3	
Laos	2023	70th	74.7	3.9	8.3	7.2	5.1	5.3	6.4	8.9	6.3	6.8	6.4	5.4	4.7	
Brazil	2023	71st	74.5	6.2	6.5	7.5	6.6	6.8	3.5	7.1	7.2	7.9	8.7	3.5	3	
Tajikistan	2023	72nd	74.2	5.5	8.4	6.7	5.7	4.3	5.4	9.4	4.7	8.6	7	3.8	4.7	
India	2023	73rd	74.1	6	7.3	8.1	6.2	5.8	4.9	4.5	7.3	7.5	8.5	4.1	3.9	
Benin	2023	74th	73.3	5.2	6.7	2.6	6.8	7.8	6.1	5.3	8.3	5.7	8	5.9	4.9	
Peru	2023	75th	73.1	6	8.4	8	4.6	6.2	5.8	7.3	7.2	5.7	7.6	4.5	1.8	
Azerbaijan	2023	76th	72.7	5.8	7.9	5.9	4.5	4.5	4.6	9.2	4.9	7.5	3.8	6.3	7.8	
Bosnia and Herzegovina	2023	77th	72.3	4.4	8.7	6.4	6.6	3.9	7.1	6.4	4.2	4.3	6.1	7.2	7	
South Africa	2023	78th	72	6.6	6.8	6	8.1	6.9	4.5	6.1	7.1	4.8	8	4	3.1	
Georgia	2023	79th	71.9	5	8.8	7.1	5.3	4.4	6.5	8	3.8	5	4.7	6.5	6.8	
Senegal	2023	80th	71.5	4.5	7	5	7.5	6.3	6.9	3.7	7.9	4.6	7.4	5.8	4.9	
Bolivia	2023	81st	70.7	5.3	8.2	6.4	5.7	7.6	5.6	6.4	6.3	5.7	6.9	2.6	4	
Fiji	2023	82nd	70.2	6.4	8.2	5.4	7.5	5	7.6	6.1	4.2	5.4	4.6	3.2	6.6	
Algeria	2023	83rd	70	5.8	6.9	7	6.2	5.2	5.1	7.6	5	6.9	5	6.2	3.1	
Belarus	2023	84th	69.9	5.4	9.6	5.3	5.3	3.3	4.6	9.4	2.7	8.3	4.8	3.2	8	
Mexico	2023	85th	69.8	8.3	5.9	6.1	4.5	5.7	4.7	6.3	6.3	5.6	6.9	5.5	4	
Sao Tome and Principe	2023	86th	69.7	4.1	6.3	4.2	8.9	6.7	7.3	3.8	6.6	2.4	6.9	5.2	7.3	
Ecuador	2023	87th	69.4	6	8.2	5.9	6	6.2	4.2	6.4	6	4.3	6.7	5	4.5	
Micronesia	2023	88th	69.3	3.1	5.6	3.7	8.3	6.8	8.4	4.1	6.2	3.3	5.8	4.2	9.8	
El Salvador	2023	89th	69.3	6	4.8	5.3	5.5	5.1	8.7	5.2	6.2	5.4	6.8	5.3	5	
Morocco	2023	90th	68.2	4.3	6.6	8.3	5.7	4.8	7.1	6.8	5.1	5.4	4.4	5.1	4.6	
Thailand	2023	91st	68	8	9.7	7.1	3.5	4.3	3.7	7.5	3.5	7.7	6.1	4.9	2	
Serbia	2023	92nd	67.9	3.9	8.6	7.8	6.1	4.3	6	5.6	3.9	3.7	4.1	6.8	7.1	
Armenia	2023	93rd	67.5	5.7	6.4	5.9	6.4	2.8	7.2	6.3	3.4	5.8	3.8	6.8	7	
Moldova	2023	94th	67.4	4.5	7.8	5.8	6.4	3.6	8.1	4.9	4.6	3.9	5.4	6	6.4	
Uzbekistan	2023	95th	66.8	5.6	8.8	5.4	5.1	5.3	4.8	9	4	7.3	4.3	3.8	3.4	
Bhutan	2023	96th	66.4	2.7	7.5	9.7	5.6	4.3	5.5	2.8	5.6	5	5.4	5.8	6.5	
Tunisia	2023	97th	66.4	6.9	7.5	6.9	8	4.1	5.6	5.7	4.4	5.5	4.3	2.9	4.6	
Indonesia	2023	98th	65.6	5.2	7.1	6.9	4.1	4.4	5.7	4.7	5.9	6.5	7	4.4	3.7	
Gabon	2023	99th	65.5	4.2	7.7	3.1	5.9	5.8	4.6	8.1	6.8	6.1	6.7	2.6	3.9	
Saudi Arabia	2023	100th	65.3	5.1	8.5	9.5	3.6	4.8	2.7	7.6	3.8	8.1	4.3	3.2	4.1	
Samoa	2023	103rd	65.1	3.6	5.1	5.1	6.9	3.7	10	4.1	4.9	3.8	4.7	3.5	9.7	
Bahrain	2023	101st	65.1	5.3	7.6	9.5	3.6	5.7	3	8	2.9	8.7	4.1	1.4	5.3	
China	2023	102nd	65.1	4.9	7.2	6.5	3.3	6.1	3.2	8.1	4.7	9.4	6.5	3.1	2.1	
Turkmenistan	2023	104th	64.5	4.5	7.8	5.3	5.1	5.6	4.1	9.8	4.1	8	5.6	2.3	2.3	
Paraguay	2023	105th	63.7	5.7	7.8	4.7	4.9	6.9	4.7	6.4	5.7	5.1	5.7	2.9	3.2	
Maldives	2023	106th	62.9	4.9	8.1	3.4	5.2	2.6	5.2	6.9	5.4	6.9	5.2	3.5	5.6	
Ghana	2023	107th	62.3	4	5.9	3	5.8	6.6	6.8	3.2	6.8	3.8	7.4	3.5	5.5	
Jamaica	2023	108th	61.9	7	3.7	1.6	6.9	5.3	9.5	4.2	7	5.2	4.8	2.2	4.5	
Guyana	2023	109th	61.6	6.5	4.8	5.9	3.5	3.9	8.2	4.4	6.1	3.4	5.8	3	6.1	
Dominican Republic	2023	110th	60.8	5.5	6.2	4.6	4.6	4.7	6.7	5.4	6.4	4.1	6.4	2.6	3.6	
Kazakhstan	2023	111th	60.6	4	7.9	7.4	5.1	2.6	4.6	8.4	4	7.1	4.1	2.3	3.1	
Namibia	2023	112th	60.3	4.2	3.5	4.2	6.8	6.9	5.9	3.1	7.2	2.2	8.1	3.6	4.6	
Macedonia	2023	113th	60.3	4.1	7.3	5.4	6.3	4.3	6.4	4.5	4.2	2.4	4.2	6.3	4.9	
Cape Verde	2023	114th	60.1	4.2	5.5	2.4	5.9	5	8	3.5	5.6	2.3	6.2	3.6	7.9	
Belize	2023	115th	59.8	6.8	4.3	4.7	6.9	3.6	5	3.4	5.4	5.6	5	3	6.1	
Suriname	2023	116th	59.7	3.4	5.8	7	7.7	4.7	5.7	4	4.7	4	5.5	2.8	4.4	
Cuba	2023	117th	59.5	3.4	7	2.2	5.6	3.8	5.6	7.6	4.5	6.3	5.9	3.2	4.4	
Vietnam	2023	118th	58.3	3.5	6.9	4.8	3.6	3.5	4.7	8	3.8	7.5	4.4	3.9	3.7	
Montenegro	2023	119th	58	4	6.5	9.3	5.8	2.4	5.4	3.9	3.8	2.9	4.1	3.6	6.3	
Cyprus	2023	120th	57	2.9	7.9	4.5	5.6	4.5	3.5	4.2	3.3	3	3.4	5.9	8.3	
Albania	2023	121st	56.8	4.8	6.2	3.5	6.1	2.9	8.5	5	3.8	3.6	4.1	2.8	5.5	
Botswana	2023	122nd	55.3	3.4	3.3	3.7	6.6	6.8	4.5	2.5	6.3	5	7.8	3.1	2.3	
Greece	2023	123rd	55.1	3.3	4.1	4	6	3.2	4	5.8	4.3	3.9	4.1	5.3	7.1	
Malaysia	2023	124th	55	4.8	6.8	4.8	3	3.5	4.1	6.5	3.7	7.5	5.1	3.2	2	
Brunei Darussalam	2023	125th	54.7	3.9	7.4	7.1	3	6.9	3.4	7.7	2	6.3	2.8	1.1	3.1	
Antigua and Barbuda	2023	126th	53.8	4.9	3.7	3.6	6.6	5.1	6.2	3.6	3.8	3.8	3.7	2.7	6.1	
Grenada	2023	127th	53.7	4.8	5.6	3.6	5.9	4.6	7.7	3.7	4.1	1.5	4.1	2.2	5.9	
Seychelles	2023	128th	53.3	5.2	6	3.9	3.8	5.3	5.3	3.5	2.4	4.6	4.2	2.3	6.8	
Romania	2023	129th	53	1.9	5.7	5.4	4	4	5.6	4.4	5	4.1	4.5	4	4.4	
Trinidad and Tobago	2023	130th	52.9	7.3	5.6	3.4	3.9	4.7	6.8	3.5	4.3	3.5	4.1	2.5	3.3	
Bulgaria	2023	131st	51.8	4.1	5.3	4	4.4	4.7	5.2	3.5	3.9	3.2	5.4	4.4	3.7	
Mongolia	2023	132nd	51.3	2.9	5.5	2.3	5.1	5.2	4.2	4	4.8	4.2	4.8	2.3	6	
Kuwait	2023	133rd	51.2	2.4	7.5	4.7	2.6	4.8	2.5	7.2	2.7	7.4	4.4	2	3	
Bahamas	2023	134th	49.2	4.3	4.5	2.3	4.5	4.7	4.4	1.8	5.3	4.5	6.3	2.5	4.1	
Hungary	2023	135th	48.8	1.8	5.3	3.3	4.4	2.6	3.9	6.2	2.8	5.7	3.5	5.4	3.9	
Panama	2023	137th	48.7	4.6	2.7	6.2	3.5	6	3.6	3.7	4.9	4.4	4.9	2.4	1.8	
Oman	2023	136th	48.7	2.4	6.6	2.9	4.4	4.1	1.4	7.2	3.1	6.7	4.2	1.6	4.1	
Croatia	2023	138th	48.7	2	4.4	4.3	5.7	2.9	6.1	2.3	2.9	2	4.8	6.8	4.5	
Argentina	2023	139th	46.4	4.3	2.8	3.2	6.6	5.3	2.9	3.4	4.2	2.7	5.7	1.6	3.7	
Barbados	2023	140th	45.4	4.4	4.2	2.3	6	5	5.1	1.2	3.5	2.6	3.7	1.9	5.5	
United States	2023	141st	45.3	4.7	7.3	6.5	2.1	4	1.7	4.2	2.2	4.2	5.2	2.2	1	
Poland	2023	142nd	45.2	1.8	4.2	5	3.6	2.4	4.6	3.7	3	4.4	3.8	5.9	2.8	
Israel	2023	143rd	44.1	2.6	8.3	7.1	1	3.6	2.4	3.3	1.6	2.9	4.8	1.7	4.8	
Spain	2023	144th	43.5	2.8	6.9	7.3	4.5	3.5	1	6.3	2.9	1.8	3.3	1.9	1.3	
Latvia	2023	145th	43.3	2	4.3	7.7	3.9	3.7	5.8	1.8	3.3	1.9	3.2	3	2.7	
Italy	2023	146th	42.6	4.5	4.9	3.7	5.4	2.9	2.5	2	3.9	0.7	4.6	4.3	3.2	
Chile	2023	147th	42.2	3.6	2.2	3.8	4	4.9	3.3	4.4	3.9	3.6	5.9	1.5	1.1	
United Kingdom	2023	148th	41.9	2.9	5.8	6.1	5	3.7	2.4	3.6	2.6	2.7	3.4	2.4	1.3	
Qatar	2023	149th	40.5	1	5	2.8	1.1	5.3	1.1	6.4	2.3	5.5	3	1.3	5.7	
Costa Rica	2023	150th	40.4	2.9	3.8	2.4	5.5	5.1	2.9	1.2	4.1	1.2	2.9	4.9	3.5	
Czech Republic	2023	151st	40.2	2	5.3	4	4.4	1.9	3.5	3.9	2.9	1.9	3.2	4.5	2.7	
Lithuania	2023	152nd	39.4	2.2	3	2.7	3.7	4.1	5.6	1.2	3.7	1.9	3.6	2.9	4.8	
Estonia	2023	153rd	38.6	1.7	5.8	6.8	3.2	3	4.7	1	1.9	1.3	2.9	2.6	3.7	
Mauritius	2023	154th	38	1	3.1	5	5	3.1	4.2	2.3	3.1	3.6	3.1	1.6	2.9	
Slovak Republic	2023	155th	37.8	1.2	4.7	5.5	4.1	2.2	4	3.2	2.6	2.3	2.6	3.3	2.1	
United Arab Emirates	2023	156th	37	2.3	3.6	2.2	1.6	3.1	2.1	6.4	2.1	6.8	3.6	1.4	1.8	
Uruguay	2023	157th	34.4	3.6	2.7	2.3	4.1	3.3	3.4	0.4	3.2	3.6	3.4	1.8	2.6	
Malta	2023	158th	33	1.8	2	2.1	3.4	2.3	3.7	2.9	1.8	3.6	3.7	3.2	2.5	
South Korea	2023	159th	31.5	1.5	3.9	2.8	1.6	2.8	3.4	2.4	2.4	3.3	2.5	1.1	3.8	
Belgium	2023	160th	31.4	2.4	4.4	3.5	4.6	2.2	2.7	0.8	2.5	1	4.2	2.1	1	
Japan	2023	161st	30.5	1.5	2.6	1.9	3.5	2.9	2.7	0.3	1.8	2.8	5.9	2.6	2	
France	2023	162nd	28.8	2.9	1.9	6.4	3.4	2.9	2	1	1.2	1.1	3.1	2.4	0.5	
Slovenia	2023	163rd	27.3	0.3	2	3	3.2	2.7	3.6	1.4	2.4	1.4	3.6	2.6	1.1	
Portugal	2023	164th	25.7	0.3	2.5	0.7	3.9	2.4	3.1	0.8	2.7	1.4	4	1.4	2.5	
Singapore	2023	165th	25.5	0.4	4	2.8	1	3.4	1.3	3.7	1	4.5	2.5	0.5	0.4	
Germany	2023	166th	24.6	2.3	2.3	3.4	1.5	2.7	1.9	0.7	1.5	0.7	2.3	4.5	0.8	
Austria	2023	167th	24.4	1.4	3.2	3.3	1.2	2.5	1.7	0.6	1.7	0.4	3.6	4.5	0.3	
Australia	2023	168th	22	2.1	1.7	2.9	1.6	2.6	0.4	0.4	2.2	2.2	3.8	1.7	0.4	
Netherlands	2023	169th	21	1.8	3.4	3	1.6	1.8	2.3	0.3	1	0.5	2.5	2.4	0.4	
Sweden	2023	170th	20.6	2.1	1.8	2.3	1.3	2.3	0.6	0.5	1	1.5	3	3.7	0.5	
Luxembourg	2023	172nd	19.5	0.4	3.4	1.5	2.4	1.8	1.7	0.3	1.3	1.1	2.4	2.8	0.4	
Ireland	2023	171st	19.5	2.1	1.5	0.5	1.7	1.8	2.5	0.5	1.9	1.6	2.8	1.6	1	
Canada	2023	173rd	18.9	2.2	2.5	2	1.4	2.5	0.7	0.4	1.7	1.9	1.2	2	0.4	
Denmark	2023	174th	17.9	1.1	1.4	3.1	1	1.8	1	0.3	1.7	0.6	2.3	3	0.6	
Switzerland	2023	175th	17.8	1.4	1	2.1	1.6	2.4	1	0.3	1.6	0.4	2.4	3.2	0.4	
New Zealand	2023	176th	16.7	1.6	1.4	2	2.6	2.6	1.6	0.5	1.1	0.5	1.1	1.2	0.5	
Finland	2023	177th	16	2	1.4	0.3	2.7	1.6	1.5	0.4	1	0.5	1.7	1.9	1	
Iceland	2023	178th	15.7	0.4	1.8	0.5	2.6	1.5	1.6	0.4	0.9	0.4	1.5	1.5	2.6	
Norway	2023	179th	14.5	1.4	1.1	3.1	1.4	1.4	0.7	0.4	1	0.4	1.4	1.7	0.5	
